month,race_id,date,venue,race_no,line,target,actual,candidate_sets,best_overlap,n_best_variants,miss_roles,extra_roles,one_replacement,extra_frame,extra_role,missing_frame,missing_role,score_gap_missing_minus_extra,detail
2025_05,8520250501020005,2025-05-01,sasebo,5,4-3-1/6/5-7-2,5,7-4-3,1-2-7,1,1,other_head|other_pos2,other_pos3plus|popular_pos3plus,0,,,,,,
2025_05,2420250501030001,2025-05-01,utsunomiya,1,1-2-6/4-3/5-7,5,4-3-2,1-2-3,2,1,other_head,other_head,1,1,other_head,4,other_head,-3.519999999999996,extra1:other_head:s86.47->miss4:other_head:s82.95:gap-3.52
2025_05,2120250501010007,2025-05-01,yahiko,7,1-5/7-2/4/6-3,7,1-5-4,1-2-5,2,1,solo,popular_pos2,1,2,popular_pos2,4,solo,-1.1400000000000006,extra2:popular_pos2:s85.47->miss4:solo:s84.33:gap-1.14
2025_05,2120250501020007,2025-05-01,yahiko,7,1-5/7-2/4/6-3,1,5-6-4,3-4-5,2,1,other_head,other_pos2,1,3,other_pos2,6,other_head,-2.6499999999999915,extra3:other_pos2:s80.80->miss6:other_head:s78.15:gap-2.65
2025_05,5120250502020002,2025-05-02,fukui,2,4-1-5/7-3/2-6,4,7-1-5,1-2-5,2,1,other_head,other_head,1,2,other_head,7,other_head,-4.549999999999997,extra2:other_head:s88.27->miss7:other_head:s83.72:gap-4.55
2025_05,5120250502030002,2025-05-02,fukui,2,4-1-5/3/2-6,4,5-1-6,1-3-6,2,1,popular_pos3plus,solo,1,3,solo,5,popular_pos3plus,-9.61,extra3:solo:s88.27->miss5:popular_pos3plus:s78.66:gap-9.61
2025_05,5120250502010005,2025-05-02,fukui,5,1-5-7/4-2/3/6,4,5-7-1,2-5-7,2,1,other_head,popular_pos2,1,2,popular_pos2,1,other_head,-1.0499999999999972,extra2:popular_pos2:s94.05->miss1:other_head:s93.00:gap-1.05
2025_05,1120250502020002,2025-05-02,hakodate,2,4-3/2-7/6-1/5,2,7-6-1,1-3-7,2,1,other_head,other_pos2,1,3,other_pos2,6,other_head,-11.899999999999991,extra3:other_pos2:s88.66->miss6:other_head:s76.76:gap-11.90
2025_06,3120250601030004,2025-06-01,matsudo,4,1-2-7/6-3/4-5,1,6-4-3,2-3-5,1,1,other_head,other_pos2|popular_pos2,0,,,,,,
2025_06,3120250601030005,2025-06-01,matsudo,5,1-3-6/2-5/7-4,1,5-3-2,3-4-5,2,1,other_head,other_pos2,1,4,other_pos2,2,other_head,1.519999999999996,extra4:other_pos2:s86.89->miss2:other_head:s88.41:gap+1.52
2025_06,3120250601020007,2025-06-01,matsudo,7,6-1/3/5/7-4-2,7,1-2-5,1-2-4,2,1,solo,popular_pos2,1,4,popular_pos2,5,solo,-0.3400000000000034,extra4:popular_pos2:s88.00->miss5:solo:s87.66:gap-0.34
2025_06,5120250602020001,2025-06-02,fukui,1,1-4-6/3/5-2-7,1,4-6-2,4-6-7,2,1,other_pos2,other_pos3plus,1,7,other_pos3plus,2,other_pos2,-1.1700000000000017,extra7:other_pos3plus:s80.50->miss2:other_pos2:s79.33:gap-1.17
2025_06,5120250602030001,2025-06-02,fukui,1,1-4-6/3/5-2-7,5,3-4-2,2-3-7,2,1,other_pos2,popular_pos3plus,1,7,popular_pos3plus,4,other_pos2,-1.9200000000000017,extra7:popular_pos3plus:s81.25->miss4:other_pos2:s79.33:gap-1.92
2025_06,5120250602030003,2025-06-02,fukui,3,3-5-2/1-7/4-6,3,1-5-6,2-4-5,1,1,other_head|other_pos2,other_head|popular_pos3plus,0,,,,,,
2025_06,5120250602030004,2025-06-02,fukui,4,7-5-1/2-4/3/6,7,4-1-3,1-3-5,2,1,other_pos2,popular_pos2,1,5,popular_pos2,4,other_pos2,-2.0799999999999983,extra5:popular_pos2:s85.60->miss4:other_pos2:s83.52:gap-2.08
2025_06,1120250602030001,2025-06-02,hakodate,1,7-1/4/3-5/6-2,6,1-7-2,2-5-7,2,1,other_pos2,other_pos2,1,5,other_pos2,1,other_pos2,-4.529999999999987,extra5:other_pos2:s85.57->miss1:other_pos2:s81.04:gap-4.53
2025_06,1120250602030002,2025-06-02,hakodate,2,4-1/7-2/3-5-6,3,2-5-6,1-2-5,2,1,popular_pos3plus,other_pos2,1,1,other_pos2,6,popular_pos3plus,-4.909999999999997,extra1:other_pos2:s85.00->miss6:popular_pos3plus:s80.09:gap-4.91
2025_06,4620250603020009,2025-06-03,toyama,9,1-5/6-3/2-7-4,2,5-1-7,4-5-7,2,1,other_head,popular_pos3plus,1,4,popular_pos3plus,1,other_head,1.6599999999999966,extra4:popular_pos3plus:s90.26->miss1:other_head:s91.92:gap+1.66
2025_07,1120250701020003,2025-07-01,hakodate,3,4-2/7/5/6-1-3,6,5-1-3,1-2-3,2,1,solo,other_pos2,1,2,other_pos2,5,solo,-2.030000000000001,extra2:other_pos2:s85.41->miss5:solo:s83.38:gap-2.03
2025_07,1120250701030006,2025-07-01,hakodate,6,2-1/6-4/3-5/7,2,1-4-6,1-4-5,2,1,other_head,other_pos2,1,5,other_pos2,6,other_head,-0.4000000000000057,extra5:other_pos2:s83.00->miss6:other_head:s82.60:gap-0.40
2025_07,4220250701020002,2025-07-01,nagoya,2,2-5-4/7-1-3/6,2,1-4-6,3-4-5|1-4-5,2,1,solo,popular_pos2,1,5,popular_pos2,6,solo,-4.039999999999992,extra5:popular_pos2:s82.80->miss6:solo:s78.76:gap-4.04
2025_07,4220250701030002,2025-07-01,nagoya,2,2-5-4/7-1-3/6,2,6-7-4,1-5-7,1,1,popular_pos3plus|solo,other_pos2|popular_pos2,0,,,,,,
2025_07,4220250701020004,2025-07-01,nagoya,4,4-2-5/1-7-3/6,1,5-2-4,3-5-7,1,1,other_head|other_pos2,popular_pos2|popular_pos3plus,0,,,,,,
2025_07,4220250701010005,2025-07-01,nagoya,5,5-1/4-2-7/6-3,4,5-6-1,1-3-5,2,1,other_head,other_pos2,1,3,other_pos2,6,other_head,-5.560000000000002,extra3:other_pos2:s94.72->miss6:other_head:s89.16:gap-5.56
2025_07,4220250701020005,2025-07-01,nagoya,5,5-1/4-2-7/6-3,4,3-7-5,2-3-7,2,1,other_head,popular_pos2,1,2,popular_pos2,5,other_head,1.1799999999999926,extra2:popular_pos2:s89.26->miss5:other_head:s90.44:gap+1.18
2025_07,4220250701030011,2025-07-01,nagoya,11,7-5-3/1-4/6-2,6,2-1-4,2-5-7,1,1,other_head|other_pos2,other_head|other_pos2,0,,,,,,
2025_07,2220250702010007,2025-07-02,maebashi,7,1-5-3/4-2-7/6,4,1-5-3,1-2-7,1,1,other_pos2|other_pos3plus,popular_pos2|popular_pos3plus,0,,,,,,
2025_07,2220250702030008,2025-07-02,maebashi,8,5-1/3/6-2-4/7,5,1-2-6,1-3-4|1-4-7,1,2,other_head|other_pos2,other_pos3plus|solo,0,,,,,,
2025_07,2820250702010001,2025-07-02,tachikawa,1,6-1/7-4-2/3-5,7,5-3-2,3-4-5,2,1,popular_pos3plus,popular_pos2,1,4,popular_pos2,2,popular_pos3plus,-4.180000000000007,extra4:popular_pos2:s88.95->miss2:popular_pos3plus:s84.77:gap-4.18
2025_07,2820250702030008,2025-07-02,tachikawa,8,4-7-1/3-5-2/6,4,7-1-5,1-3-5,2,1,popular_pos2,other_head,1,3,other_head,7,popular_pos2,-5.6200000000000045,extra3:other_head:s95.73->miss7:popular_pos2:s90.11:gap-5.62
2025_07,8620250704010002,2025-07-04,beppu,2,5/2-6/7-3/4-1,7,4-1-2,1-3-4,2,1,other_head,popular_pos2,1,3,popular_pos2,2,other_head,-1.5499999999999972,extra3:popular_pos2:s84.28->miss2:other_head:s82.73:gap-1.55
2025_07,8620250704020002,2025-07-04,beppu,2,5/2-6/7-3/4-1,7,3-2-4,1-2-3,2,1,other_head,other_pos2,1,1,other_pos2,4,other_head,-3.219999999999999,extra1:other_pos2:s85.62->miss4:other_head:s82.40:gap-3.22
2025_07,8620250704020004,2025-07-04,beppu,4,4-3-5/1-6/2/7,4,7-5-2,2-3-7,2,1,popular_pos3plus,popular_pos2,1,3,popular_pos2,5,popular_pos3plus,-1.5999999999999943,extra3:popular_pos2:s87.00->miss5:popular_pos3plus:s85.40:gap-1.60
2025_07,8620250704020005,2025-07-04,beppu,5,6-2/4-1/3-7-5,3,6-5-1,1-5-7,2,1,other_head,popular_pos2,1,7,popular_pos2,6,other_head,-13.590000000000003,extra7:popular_pos2:s89.59->miss6:other_head:s76.00:gap-13.59
2025_08,8320250801030003,2025-08-01,kurume,3,6-1/5/4-3/7-2,4,3-5-2,1-2-3,2,1,solo,other_pos2,1,1,other_pos2,5,solo,-0.10999999999999943,extra1:other_pos2:s85.61->miss5:solo:s85.50:gap-0.11
2025_08,3520250802030008,2025-08-02,hiratsuka,8,1-5-6/7-2/4-3,1,4-7-2,2-4-5,2,1,other_head,popular_pos2,1,5,popular_pos2,7,other_head,-10.129999999999995,extra5:popular_pos2:s93.81->miss7:other_head:s83.68:gap-10.13
2025_08,7420250803030002,2025-08-03,kochi,2,1-5/2-7/4-3-6,2,3-1-5,3-5-7,2,1,other_head,popular_pos2,1,7,popular_pos2,1,other_head,-4.200000000000003,extra7:popular_pos2:s86.03->miss1:other_head:s81.83:gap-4.20
2025_08,7420250803010003,2025-08-03,kochi,3,4-1-7/2/5/6-3,4,3-5-1,1-3-7,2,1,solo,popular_pos3plus,1,7,popular_pos3plus,5,solo,-3.25,extra7:popular_pos3plus:s84.25->miss5:solo:s81.00:gap-3.25
2025_08,7420250803020003,2025-08-03,kochi,3,4-1-7/2/5/6-3,4,5-2-1,3-5-7,1,1,popular_pos2|solo,other_pos2|popular_pos3plus,0,,,,,,
2025_08,2220250803020001,2025-08-03,maebashi,1,3-1-5/4-2-6,3,2-4-1,1-2-5,2,1,other_head,popular_pos3plus,1,5,popular_pos3plus,4,other_head,1.5700000000000074,extra5:popular_pos3plus:s80.47->miss4:other_head:s82.04:gap+1.57
2025_08,2220250803010003,2025-08-03,maebashi,3,2-1-4/5-3-6/7,5,1-2-4,1-2-3,2,1,other_pos3plus,popular_pos2,1,3,popular_pos2,4,other_pos3plus,-3.030000000000001,extra3:popular_pos2:s85.23->miss4:other_pos3plus:s82.20:gap-3.03
2025_08,2220250803020003,2025-08-03,maebashi,3,2-1-4/5-3-6/7,2,4-1-5,1-3-4,2,1,other_head,other_pos2,1,3,other_pos2,5,other_head,-2.200000000000003,extra3:other_pos2:s86.25->miss5:other_head:s84.05:gap-2.20
2025_08,2220250803020005,2025-08-03,maebashi,5,1-2-6/5/7/4-3,1,6-5-7,2-3-6,1,1,solo,other_pos2|popular_pos2,0,,,,,,
2025_09,1220250901020001,2025-09-01,aomori,1,3-7-6/1-5/4-2,3,7-6-1,1-5-7|1-2-7,2,2,popular_pos3plus,other_pos2,1,5,other_pos2,6,popular_pos3plus,-80.25,extra5:other_pos2:s80.25->miss6:popular_pos3plus:s0.00:gap-80.25 ; extra2:other_pos2:s78.95->miss6:popular_pos3plus:s0.00:gap-78.95
2025_09,1220250901010002,2025-09-01,aomori,2,5-1/2-7/6-3/4,2,5-7-1,1-3-7,2,1,other_head,other_pos2,1,3,other_pos2,5,other_head,2.799999999999997,extra3:other_pos2:s83.34->miss5:other_head:s86.14:gap+2.80
2025_09,1220250901030002,2025-09-01,aomori,2,5-1/2-7/6-3/4,5,1-3-7,1-2-3,2,1,other_pos2,other_head,1,2,other_head,7,other_pos2,-3.280000000000001,extra2:other_head:s86.05->miss7:other_pos2:s82.77:gap-3.28
2025_09,5120250901010003,2025-09-01,fukui,3,2-5/3-6/4-7-1,2,5-3-7,1-5-7,2,1,other_head,other_pos3plus,1,1,other_pos3plus,3,other_head,-0.7800000000000011,extra1:other_pos3plus:s84.25->miss3:other_head:s83.47:gap-0.78
2025_09,5120250901020003,2025-09-01,fukui,3,2-5/3-6/4-7-1,4,7-5-2,1-3-7,1,1,other_head|other_pos2,other_head|popular_pos3plus,0,,,,,,
2025_09,5120250901030005,2025-09-01,fukui,5,4-1/6-2/5-3-7,5,7-4-2,1-2-7,2,1,other_head,other_pos2,1,1,other_pos2,4,other_head,0.21000000000000796,extra1:other_pos2:s88.16->miss4:other_head:s88.37:gap+0.21
2025_09,5120250901010007,2025-09-01,fukui,7,2-5/7-3/4-1-6,2,5-6-7,1-3-5|1-5-6,2,1,other_head,other_pos2,1,1,other_pos2,7,other_head,-4.550000000000011,extra1:other_pos2:s95.68->miss7:other_head:s91.13:gap-4.55
2025_09,2220250901010008,2025-09-01,maebashi,8,7-3-5/1-6/2-4,7,2-3-5,2-3-4,2,1,popular_pos3plus,other_pos2,1,4,other_pos2,5,popular_pos3plus,-5.950000000000003,extra4:other_pos2:s87.42->miss5:popular_pos3plus:s81.47:gap-5.95
2025_09,2220250901020008,2025-09-01,maebashi,8,7-3-5/1-6/2-4,7,4-3-1,1-3-5,2,1,other_pos2,popular_pos3plus,1,5,popular_pos3plus,4,other_pos2,0.5499999999999972,extra5:popular_pos3plus:s78.06->miss4:other_pos2:s78.61:gap+0.55
2025_09,2220250901030008,2025-09-01,maebashi,8,7-3-5/1-6/2-4,7,1-5-3,1-2-3,2,1,popular_pos3plus,other_head,1,2,other_head,5,popular_pos3plus,-3.8700000000000045,extra2:other_head:s87.70->miss5:popular_pos3plus:s83.83:gap-3.87
2025_09,2220250901010011,2025-09-01,maebashi,11,3-7/2/5-1-6/4,5,7-3-4,1-2-7,1,1,other_head|solo,popular_pos2|solo,0,,,,,,
2025_09,8420250901020002,2025-09-01,takeo,2,7-3-4/1/2/5/6,7,3-5-4,1-2-3,1,1,popular_pos3plus|solo,solo,0,,,,,,
2025_09,3420250903010001,2025-09-03,kawasaki,1,4-7-2/5-3/6-1,4,5-3-7,1-3-7,2,1,other_head,other_pos2,1,1,other_pos2,5,other_head,-6.540000000000006,extra1:other_pos2:s90.90->miss5:other_head:s84.36:gap-6.54
2025_10,8320251001030005,2025-10-01,kurume,5,1-4-6/2-7/5-3,1,5-2-6,3-4-7,0,1,other_head|popular_pos3plus,other_pos2|popular_pos2,0,,,,,,
2025_10,8320251001010008,2025-10-01,kurume,8,1-4-7/2-5-3/6,2,6-1-4,1-3-5,1,1,other_pos2|solo,popular_pos2|popular_pos3plus,0,,,,,,
2025_10,8320251001030011,2025-10-01,kurume,11,7-1-6/4-2/5-3,7,5-1-2,1-2-3,2,1,other_head,other_pos2,1,3,other_pos2,5,other_head,-5.570000000000007,extra3:other_pos2:s93.45->miss5:other_head:s87.88:gap-5.57
2025_10,6120251001030002,2025-10-01,tamano,2,4-1-6/5-2/3-7,4,3-7-2,1-3-7,2,1,other_pos2,popular_pos2,1,1,popular_pos2,2,other_pos2,-2.239999999999995,extra1:popular_pos2:s82.75->miss2:other_pos2:s80.51:gap-2.24
2025_10,6120251001030004,2025-10-01,tamano,4,6-4-3/5-1/2-7,6,1-3-7,3-4-5,1,1,other_pos2,other_head|popular_pos2,0,,,,,,
2025_10,8420251002020004,2025-10-02,takeo,4,4-1-6/7-3/5-2,4,1-3-2,1-3-7|1-3-5,2,2,other_pos2,other_head,1,7,other_head,2,other_pos2,-3.969999999999999,extra7:other_head:s88.17->miss2:other_pos2:s84.20:gap-3.97 ; extra5:other_head:s87.33->miss2:other_pos2:s84.20:gap-3.13
2025_11,1220251103010001,2025-11-03,aomori,1,1-5-7/4-2/3-6,1,5-3-2,4-5-7,1,1,other_head|other_pos2,other_head|popular_pos3plus,0,,,,,,
2025_11,1220251103030001,2025-11-03,aomori,1,1-5-7/4-2/3-6,1,3-2-7,3-5-7,2,1,other_pos2,popular_pos2,1,5,popular_pos2,2,other_pos2,1.4300000000000068,extra5:popular_pos2:s80.33->miss2:other_pos2:s81.76:gap+1.43
2025_11,1220251103010002,2025-11-03,aomori,2,4-1-7/6-3/2-5,4,6-5-3,1-5-7,1,1,other_head|other_pos2,popular_pos2|popular_pos3plus,0,,,,,,
2025_11,1220251103010003,2025-11-03,aomori,3,1-5-6/2/3-7-4,3,5-7-1,4-5-7,2,1,other_head,popular_pos3plus,1,4,popular_pos3plus,1,other_head,2.9200000000000017,extra4:popular_pos3plus:s82.20->miss1:other_head:s85.12:gap+2.92
2025_11,1220251103020005,2025-11-03,aomori,5,3-7-1/4/5-2-6,5,2-4-3,1-2-4|1-2-3,2,2,other_head|solo,other_pos3plus,1,1,other_pos3plus,3,other_head,-1.7299999999999898,extra1:other_pos3plus:s90.46->miss3:other_head:s88.73:gap-1.73 ; extra1:other_pos3plus:s90.46->miss4:solo:s88.95:gap-1.51
2025_11,1220251103030005,2025-11-03,aomori,5,3-7-1/4/5-2-6,3,1-2-5,1-2-7,2,1,other_head,popular_pos2,1,7,popular_pos2,5,other_head,1.2199999999999989,extra7:popular_pos2:s83.11->miss5:other_head:s84.33:gap+1.22
2025_11,7320251103020001,2025-11-03,komatsushima,1,5/1-2/7-6/3/4,7,4-3-5,3-5-6,2,1,solo,popular_pos2,1,6,popular_pos2,4,solo,0.23999999999999488,extra6:popular_pos2:s79.76->miss4:solo:s80.00:gap+0.24
2025_11,7320251103030004,2025-11-03,komatsushima,4,6-1-4/2-7-3-5,2,1-7-4,1-3-7|1-5-7,2,2,other_pos3plus,popular_pos3plus,1,3,popular_pos3plus,4,other_pos3plus,-1.6199999999999903,extra3:popular_pos3plus:s86.66->miss4:other_pos3plus:s85.04:gap-1.62 ; extra5:popular_pos3plus:s84.61->miss4:other_pos3plus:s85.04:gap+0.43
2025_11,2720251104010007,2025-11-04,keiokaku,7,5-1-6/3/2-7-4,5,7-3-4,1-4-7,2,1,solo,popular_pos2,1,1,popular_pos2,3,solo,-4.209999999999994,extra1:popular_pos2:s84.36->miss3:solo:s80.15:gap-4.21
2025_11,2720251104010008,2025-11-04,keiokaku,8,7-3/2-5/4-1-6,7,3-5-2,1-3-5,2,1,other_head,other_pos2,1,1,other_pos2,2,other_head,-0.9899999999999949,extra1:other_pos2:s86.13->miss2:other_head:s85.14:gap-0.99
2025_11,2720251104020009,2025-11-04,keiokaku,9,1-7/3-5/4-6-2,4,6-1-7,2-3-5,0,1,other_head|other_pos2|popular_pos2,other_head|other_pos2|popular_pos3plus,0,,,,,,
2025_12,4220251201020001,2025-12-01,nagoya,1,3-7-5/1-4/2-6,3,7-5-1,4-5-7,2,1,other_head,other_pos2,1,4,other_pos2,1,other_head,-2.3900000000000006,extra4:other_pos2:s82.16->miss1:other_head:s79.77:gap-2.39
2025_12,4220251201020002,2025-12-01,nagoya,2,7-4-1/5-3/2-6,7,3-1-4,1-2-4,2,1,other_pos2,other_head,1,2,other_head,3,other_pos2,-4.680000000000007,extra2:other_head:s84.37->miss3:other_pos2:s79.69:gap-4.68
2025_12,4220251201030003,2025-12-01,nagoya,3,4-6-1/3-7/5-2,3,5-2-7,1-5-7,2,1,other_pos2,other_pos3plus,1,1,other_pos3plus,2,other_pos2,-5.969999999999999,extra1:other_pos3plus:s85.37->miss2:other_pos2:s79.40:gap-5.97
2025_12,4220251201030011,2025-12-01,nagoya,11,7-2-6/3-5-1/4,3,1-6-4,1-2-5,1,1,other_pos3plus|solo,other_pos2|popular_pos2,0,,,,,,
2025_12,3520251202020009,2025-12-02,hiratsuka,9,1-4-6/2-5-7/3,1,3-2-7,2-3-4,2,1,other_pos3plus,popular_pos2,1,4,popular_pos2,7,other_pos3plus,-0.8400000000000034,extra4:popular_pos2:s86.17->miss7:other_pos3plus:s85.33:gap-0.84
2025_12,3120251202010005,2025-12-02,matsudo,5,7-4-1/2/3-5/6,7,5-1-3,1-4-5,2,1,other_head,popular_pos2,1,4,popular_pos2,3,other_head,2.030000000000001,extra4:popular_pos2:s90.91->miss3:other_head:s92.94:gap+2.03
2025_12,5620251203010004,2025-12-03,kishiwada,4,3-1-7/4-2/6-5,3,7-1-5,1-2-7,2,1,other_pos2,other_pos2,1,2,other_pos2,5,other_pos2,-1.9500000000000028,extra2:other_pos2:s85.95->miss5:other_pos2:s84.00:gap-1.95
2025_12,5620251203020005,2025-12-03,kishiwada,5,3-1-6/4-2-5/7,3,1-6-7,1-2-6|1-5-6,2,2,solo,other_pos2|other_pos3plus,1,2,other_pos2,7,solo,-4.070000000000007,extra2:other_pos2:s85.76->miss7:solo:s81.69:gap-4.07 ; extra5:other_pos3plus:s84.60->miss7:solo:s81.69:gap-2.91
2025_12,5620251203010007,2025-12-03,kishiwada,7,5-3-4/2-1-6-7,2,3-5-1,1-3-4,2,1,other_head,other_pos3plus,1,4,other_pos3plus,5,other_head,-0.45999999999999375,extra4:other_pos3plus:s84.60->miss5:other_head:s84.14:gap-0.46
2025_12,5620251203030009,2025-12-03,kishiwada,9,1-3/4/6-5/2-7,1,3-7-4,3-5-7,2,1,solo,other_pos2,1,5,other_pos2,4,solo,0.9399999999999977,extra5:other_pos2:s92.23->miss4:solo:s93.17:gap+0.94
2025_12,8120251203030003,2025-12-03,kokura,3,3-1-5/6/4-2/7,3,7-6-1,1-2-5,1,1,solo,other_pos2|popular_pos3plus,0,,,,,,
2026_01,8620251230030001,2026-01-01,beppu,1,1-3-4/2-5,1,2-3-4,3-4-5,2,1,other_head,other_pos2,1,5,other_pos2,2,other_head,2.8700000000000045,extra5:other_pos2:s79.78->miss2:other_head:s82.65:gap+2.87
2026_01,8620251230030005,2026-01-01,beppu,5,6/1-4-7/3-5-2,3,7-5-4,2-4-5,2,1,other_pos3plus,popular_pos3plus,1,2,popular_pos3plus,7,other_pos3plus,-0.7000000000000028,extra2:popular_pos3plus:s84.86->miss7:other_pos3plus:s84.16:gap-0.70
2026_01,6220251231020001,2026-01-01,hiroshima,1,1-7/5-3/2-4-6,1,2-4-7,3-4-7,2,1,other_head,other_pos2,1,3,other_pos2,2,other_head,-6.260000000000005,extra3:other_pos2:s81.64->miss2:other_head:s75.38:gap-6.26
2026_01,5620251231020003,2026-01-01,kishiwada,3,5-1-7/3-6/4-2,4,5-3-6,2-3-5,2,1,other_pos2,popular_pos2,1,2,popular_pos2,6,other_pos2,-10.069999999999993,extra2:popular_pos2:s89.07->miss6:other_pos2:s79.00:gap-10.07
2026_01,8120251230030003,2026-01-01,kokura,3,2-5/6/7-1/4-3,2,4-5-3,1-3-5,2,1,other_head,other_pos2,1,1,other_pos2,4,other_head,0.04999999999999716,extra1:other_pos2:s84.11->miss4:other_head:s84.16:gap+0.05
2026_01,8320251230030005,2026-01-01,kurume,5,6-2/3-1-7/4-5,3,4-1-2,1-2-5,2,1,other_head,other_pos2,1,5,other_pos2,4,other_head,0.29000000000000625,extra5:other_pos2:s86.22->miss4:other_head:s86.51:gap+0.29
2026_01,8320251230030006,2026-01-01,kurume,6,2-1-4/5-3/7-6,2,7-6-5,1-3-4|1-4-6,1,1,other_head,popular_pos2|popular_pos3plus,0,,,,,,
2026_01,4720251231020009,2026-01-01,matsusaka,9,6-1-5/4-2-7/3,6,4-7-3,1-2-5,0,1,other_head|other_pos3plus|solo,other_pos2|popular_pos2|popular_pos3plus,0,,,,,,
2026_01,3820260101010002,2026-01-01,shizuoka,2,4-1-7/6-2/5-3,4,2-6-3,1-2-7|1-3-7,1,2,other_head|other_pos2,popular_pos2|popular_pos3plus,0,,,,,,
2026_01,4320260102010001,2026-01-02,gifu,1,5-1-6/2-3/7-4,2,5-1-4,1-3-4|1-3-6,2,1,other_head,popular_pos2,1,3,popular_pos2,5,other_head,-3.510000000000005,extra3:popular_pos2:s86.54->miss5:other_head:s83.03:gap-3.51
2026_01,4320260102010002,2026-01-02,gifu,2,2-1-5-7/4-3-6,2,1-4-3,1-3-5,2,1,other_head,popular_pos3plus,1,5,popular_pos3plus,4,other_head,0.980000000000004,extra5:popular_pos3plus:s82.61->miss4:other_head:s83.59:gap+0.98
2026_01,6220251231030003,2026-01-02,hiroshima,3,2-4/3-6/1-5-7,1,5-2-7,4-5-7,2,1,other_head,other_pos2,1,4,other_pos2,2,other_head,-3.1500000000000057,extra4:other_pos2:s85.59->miss2:other_head:s82.44:gap-3.15
2026_01,4720251231030007,2026-01-02,matsusaka,7,2-7/3-6/4-5/1,2,1-5-3,3-5-7,2,1,solo,popular_pos2,1,7,popular_pos2,1,solo,-6.049999999999997,extra7:popular_pos2:s88.66->miss1:solo:s82.61:gap-6.05
2026_01,4720251231030008,2026-01-02,matsusaka,8,4-3/1-5/7-2/6,4,6-1-5,2-3-5,1,1,other_head|solo,other_pos2|popular_pos2,0,,,,,,
2026_02,2320260131020007,2026-02-01,toride,7,2-4/7-3-5/6-1,6,2-7-1,1-2-3,2,1,other_head,other_pos2,1,3,other_pos2,7,other_head,-1.8599999999999994,extra3:other_pos2:s94.41->miss7:other_head:s92.55:gap-1.86
2026_02,3820260131030007,2026-02-02,shizuoka,7,4-1/5-2-6/7-3,5,2-6-4,2-3-6|1-2-6,2,2,other_head,other_pos2,1,3,other_pos2,4,other_head,-0.5,extra3:other_pos2:s86.00->miss4:other_head:s85.50:gap-0.50 ; extra1:other_pos2:s84.46->miss4:other_head:s85.50:gap+1.04
2026_02,2320260131030007,2026-02-02,toride,7,4-1/6-2/3-7-5,3,1-7-6,1-5-7,2,1,other_head,popular_pos3plus,1,5,popular_pos3plus,6,other_head,-5.6200000000000045,extra5:popular_pos3plus:s93.62->miss6:other_head:s88.00:gap-5.62
2026_02,2420260131030001,2026-02-02,utsunomiya,1,4-1-3/5-2-7/6,5,6-1-3,1-2-7,1,1,other_pos3plus|solo,popular_pos2|popular_pos3plus,0,,,,,,
2026_02,2420260131030003,2026-02-02,utsunomiya,3,7-2/1/3-5/4-6,3,7-5-1,1-2-5,2,1,other_head,other_pos2,1,2,other_pos2,7,other_head,-2.6400000000000006,extra2:other_pos2:s87.59->miss7:other_head:s84.95:gap-2.64
2026_02,5520260202010001,2026-02-02,wakayama,1,4-7-1/3/2-5-6,2,5-4-6,4-5-7,2,1,popular_pos3plus,other_pos2,1,7,other_pos2,6,popular_pos3plus,-8.730000000000004,extra7:other_pos2:s83.42->miss6:popular_pos3plus:s74.69:gap-8.73
2026_03,6220260228020001,2026-03-01,hiroshima,1,7-2-4/3-6/1-5,7,1-5-2,2-4-5,2,1,other_head,popular_pos3plus,1,4,popular_pos3plus,1,other_head,0.7000000000000028,extra4:popular_pos3plus:s81.13->miss1:other_head:s81.83:gap+0.70
2026_03,2720260301010009,2026-03-01,keiokaku,9,3-5/1-7-4/6-2,1,3-7-5,4-5-7,2,1,other_head,popular_pos3plus,1,4,popular_pos3plus,3,other_head,2.0500000000000114,extra4:popular_pos3plus:s81.88->miss3:other_head:s83.93:gap+2.05
2026_03,5320260227030004,2026-03-01,nara,4,3-1-7/2/6-4-5,3,4-6-5,1-4-5,2,1,other_head,popular_pos2,1,1,popular_pos2,6,other_head,-6.079999999999998,extra1:popular_pos2:s85.37->miss6:other_head:s79.29:gap-6.08
2026_03,5320260227030007,2026-03-01,nara,7,4-2/1/3-7-5-6,3,7-6-5,2-5-7,2,1,popular_pos3plus,other_pos2,1,2,other_pos2,6,popular_pos3plus,-6.38000000000001,extra2:other_pos2:s94.34->miss6:popular_pos3plus:s87.96:gap-6.38
2026_03,6220260228030005,2026-03-02,hiroshima,5,1-7-6/2-5/3-4,1,6-3-7,3-5-7,2,1,popular_pos3plus,other_pos2,1,5,other_pos2,6,popular_pos3plus,-7.769999999999996,extra5:other_pos2:s89.00->miss6:popular_pos3plus:s81.23:gap-7.77
2026_03,6220260228030007,2026-03-02,hiroshima,7,1-6/5-4/3-7-2,3,1-5-4,2-4-5,2,1,other_head,popular_pos3plus,1,2,popular_pos3plus,1,other_head,-3.559999999999988,extra2:popular_pos3plus:s95.60->miss1:other_head:s92.04:gap-3.56
2026_03,2720260301020007,2026-03-02,keiokaku,7,4-1/2-5/3-7-6,3,7-4-1,1-5-7,2,1,other_head,other_pos2,1,5,other_pos2,4,other_head,2.760000000000005,extra5:other_pos2:s81.88->miss4:other_head:s84.64:gap+2.76
2026_03,7320260301020006,2026-03-02,komatsushima,6,1-2/4-3/5-6-7,4,3-6-2,1-2-3,2,1,other_pos2,other_head,1,1,other_head,6,other_pos2,-6.469999999999999,extra1:other_head:s91.75->miss6:other_pos2:s85.28:gap-6.47
2026_03,7320260301020007,2026-03-02,komatsushima,7,1-6/5-2-3/4-7,5,2-3-6,1-2-3,2,1,other_pos2,other_head,1,1,other_head,6,other_pos2,-7.390000000000001,extra1:other_head:s94.92->miss6:other_pos2:s87.53:gap-7.39
2026_04,2720260401010004,2026-04-01,keiokaku,4,1-7-3/6/4-2-5,1,7-3-2,3-4-7,2,1,other_pos2,other_head,1,4,other_head,2,other_pos2,-3.6299999999999955,extra4:other_head:s86.96->miss2:other_pos2:s83.33:gap-3.63
2026_04,5620260401010005,2026-04-01,kishiwada,5,2-7-4/6/5-3-1,2,4-6-7,1-4-7,2,1,solo,other_pos3plus,1,1,other_pos3plus,6,solo,-3.200000000000003,extra1:other_pos3plus:s92.81->miss6:solo:s89.61:gap-3.20
2026_04,4220260401010004,2026-04-01,nagoya,4,1-2/3-5/4-6/7,1,3-2-5,2-5-6,2,1,other_head,other_pos2,1,6,other_pos2,3,other_head,2.049999999999997,extra6:other_pos2:s82.61->miss3:other_head:s84.66:gap+2.05
2026_04,4220260401010005,2026-04-01,nagoya,5,1-3/4-2-5/6-7,1,6-7-4,2-3-5,0,1,other_head|other_pos2,other_pos2|other_pos3plus|popular_pos2,0,,,,,,
2026_04,4420260401010007,2026-04-01,ogaki,7,7-1-4/3/5-2-6,7,2-3-5,1-2-4,1,1,other_head|solo,popular_pos2|popular_pos3plus,0,,,,,,
2026_04,2420260401010003,2026-04-01,utsunomiya,3,1-2-7/3-5/6-4,1,3-2-6,2-3-4|2-3-5,2,2,other_head,other_pos2,1,4,other_pos2,6,other_head,-1.5600000000000023,extra4:other_pos2:s82.22->miss6:other_head:s80.66:gap-1.56 ; extra5:other_pos2:s82.11->miss6:other_head:s80.66:gap-1.45
2026_04,4220260401020005,2026-04-02,nagoya,5,3-4/1-6-7/5-2,3,1-4-6,1-2-4,2,1,other_pos2,other_pos2,1,2,other_pos2,6,other_pos2,-5.3799999999999955,extra2:other_pos2:s88.38->miss6:other_pos2:s83.00:gap-5.38
2026_04,4420260401020008,2026-04-02,ogaki,8,6-3-5-1/7-2-4,6,4-1-2,2-3-5|1-2-3,2,1,other_pos3plus,popular_pos2,1,3,popular_pos2,4,other_pos3plus,-4.689999999999998,extra3:popular_pos2:s84.41->miss4:other_pos3plus:s79.72:gap-4.69
2026_04,6120260402010003,2026-04-02,tamano,3,1-4/7-3/5-2-6,1,4-2-5,2-3-4,2,1,other_head,other_pos2,1,3,other_pos2,5,other_head,-1.2000000000000028,extra3:other_pos2:s86.05->miss5:other_head:s84.85:gap-1.20
2026_04,2420260401020004,2026-04-02,utsunomiya,4,3-1/2-5/7-4-6,3,2-7-5,1-4-5,1,1,other_head,other_pos2|popular_pos2,0,,,,,,
2026_04,2420260401020006,2026-04-02,utsunomiya,6,1-4-5/7/3-2-6,3,1-5-2,1-2-6,2,1,other_pos3plus,popular_pos3plus,1,6,popular_pos3plus,5,other_pos3plus,0.9099999999999966,extra6:popular_pos3plus:s85.66->miss5:other_pos3plus:s86.57:gap+0.91
2026_04,2720260401030003,2026-04-03,keiokaku,3,5-3/7-1/2/4-6,5,4-6-3,2-3-4,2,1,other_pos2,solo,1,2,solo,6,other_pos2,-4.230000000000004,extra2:solo:s87.56->miss6:other_pos2:s83.33:gap-4.23
2026_04,4220260401030004,2026-04-03,nagoya,4,3-5-6/4-1/7-2,3,5-4-6,1-2-5,1,1,other_head|popular_pos3plus,other_pos2,0,,,,,,
2026_04,4220260401030007,2026-04-03,nagoya,7,5-2/1-4/3/7-6,5,2-3-1,1-2-4,2,1,solo,other_pos2,1,4,other_pos2,3,solo,2.6199999999999903,extra4:other_pos2:s91.26->miss3:solo:s93.88:gap+2.62
2026_04,6120260402020001,2026-04-03,tamano,1,3-7-1/2-4/5/6,3,7-5-1,1-4-7,2,1,solo,other_pos2,1,4,other_pos2,5,solo,1.6000000000000085,extra4:other_pos2:s82.30->miss5:solo:s83.90:gap+1.60
2026_05,5320260501010004,2026-05-01,nara,4,1-3-7/5-2-4/6,1,5-2-3,2-3-4,2,1,other_head,other_pos3plus,1,4,other_pos3plus,5,other_head,-1.210000000000008,extra4:other_pos3plus:s84.29->miss5:other_head:s83.08:gap-1.21
2026_05,4620260430030005,2026-05-02,toyama,5,1-4/5/6/3-2-7,3,5-2-7,2-4-7,2,1,solo,other_pos2,1,4,other_pos2,5,solo,-0.8799999999999955,extra4:other_pos2:s83.33->miss5:solo:s82.45:gap-0.88
2026_05,4620260430030011,2026-05-02,toyama,11,4/2-1/7-3/5-6,5,4-3-6,1-3-4,2,1,popular_pos2,other_pos2,1,1,other_pos2,6,popular_pos2,-8.61,extra1:other_pos2:s94.66->miss6:popular_pos2:s86.05:gap-8.61
2026_05,5320260501030001,2026-05-03,nara,1,3-5-7/4-1/2-6,4,3-2-6,1-5-7,0,1,other_head|other_pos2,other_pos2|other_pos3plus|popular_pos2,0,,,,,,
2026_05,5320260501030003,2026-05-03,nara,3,1-4-6/2-5/3-7,2,3-7-5,4-5-7,2,1,other_head,other_pos2,1,4,other_pos2,3,other_head,-2.0,extra4:other_pos2:s87.57->miss3:other_head:s85.57:gap-2.00
2026_05,5320260501030011,2026-05-03,nara,11,2-5-4/7-3-1/6,2,6-7-3,1-4-5|3-4-5,1,1,other_head|solo,popular_pos2|popular_pos3plus,0,,,,,,
2026_05,1220260504020003,2026-05-05,aomori,3,5-2/1-4/3-7/6,5,3-4-7,2-3-4,2,1,other_pos2,popular_pos2,1,2,popular_pos2,7,other_pos2,-1.4299999999999926,extra2:popular_pos2:s84.19->miss7:other_pos2:s82.76:gap-1.43
2026_06,4220260601010001,2026-06-01,nagoya,1,1-5-2/7-3-6/4,7,5-1-2,1-3-5,2,1,other_pos3plus,popular_pos2,1,3,popular_pos2,2,other_pos3plus,-5.0,extra3:popular_pos2:s87.53->miss2:other_pos3plus:s82.53:gap-5.00
2026_06,4220260601010005,2026-06-01,nagoya,5,3-7/2-4/5-1/6,2,7-3-5,1-4-5,1,1,other_head|other_pos2,other_pos2|popular_pos2,0,,,,,,
2026_06,3120260531030002,2026-06-02,matsudo,2,1-5-4/3/6-2-7,1,6-2-7,2-4-5,1,1,other_head|other_pos3plus,popular_pos2|popular_pos3plus,0,,,,,,
2026_06,3120260531030004,2026-06-02,matsudo,4,5-1-7/2/3-6/4,5,2-1-4,1-2-7,2,1,solo,popular_pos3plus,1,7,popular_pos3plus,4,solo,1.6599999999999966,extra7:popular_pos3plus:s80.95->miss4:solo:s82.61:gap+1.66
2026_06,4220260601020004,2026-06-02,nagoya,4,5-3-1/7-2-4/6,7,2-6-4,2-4-5,2,1,solo,other_head,1,5,other_head,6,solo,-9.560000000000002,extra5:other_head:s92.09->miss6:solo:s82.53:gap-9.56
2026_06,3620260531030005,2026-06-02,odawara,5,4-2/5-1/6-7-3,6,5-4-2,2-5-7,2,1,other_head,popular_pos2,1,7,popular_pos2,4,other_head,0.29000000000000625,extra7:popular_pos2:s86.66->miss4:other_head:s86.95:gap+0.29
2026_06,3620260531030007,2026-06-02,odawara,7,6-1/4-2-5/3-7,4,6-1-5,1-2-5|2-5-7,2,1,other_head,popular_pos2,1,2,popular_pos2,6,other_head,-4.260000000000005,extra2:popular_pos2:s90.00->miss6:other_head:s85.74:gap-4.26
2026_06,3820260531030002,2026-06-02,shizuoka,2,1-7/2-3-4/6-5,2,5-7-6,1-3-4,0,1,other_head|other_pos2,other_head|popular_pos2|popular_pos3plus,0,,,,,,
2026_06,5520260601020007,2026-06-02,wakayama,7,2-4/6-5/3-7-1,3,2-4-5,2-5-7,2,1,other_pos2,popular_pos2,1,7,popular_pos2,4,other_pos2,0.8599999999999994,extra7:popular_pos2:s80.59->miss4:other_pos2:s81.45:gap+0.86
2026_06,5520260601020009,2026-06-02,wakayama,9,1-7-4/5-2/6-3,1,2-5-3,2-5-7,2,1,other_pos2,popular_pos2,1,7,popular_pos2,3,other_pos2,-5.159999999999997,extra7:popular_pos2:s90.63->miss3:other_pos2:s85.47:gap-5.16
2026_06,2220260603010007,2026-06-03,maebashi,7,2-1/3-6-5/4/7,3,4-1-2,1-5-6,1,1,other_head|solo,popular_pos2|popular_pos3plus,0,,,,,,
2026_06,4220260601030004,2026-06-03,nagoya,4,1-4-5/6-3/7-2,1,5-4-6,3-4-5|2-4-5,2,2,other_head,other_pos2,1,3,other_pos2,6,other_head,-3.5200000000000102,extra3:other_pos2:s90.15->miss6:other_head:s86.63:gap-3.52 ; extra2:other_pos2:s88.19->miss6:other_head:s86.63:gap-1.56
2026_06,4220260601030010,2026-06-03,nagoya,10,4-3/2-7/5-1-6,4,3-1-5,2-3-7,1,1,other_head|other_pos2,other_head|other_pos2,0,,,,,,
2026_06,4520260603010004,2026-06-03,toyohashi,4,2-3/6-1/5-4/7,2,1-4-7,1-3-4,2,1,solo,popular_pos2,1,3,popular_pos2,7,solo,-3.8599999999999994,extra3:popular_pos2:s86.52->miss7:solo:s82.66:gap-3.86
2026_06,4520260603010007,2026-06-03,toyohashi,7,7-6/3-1/2-4-5,3,1-2-4,1-4-5,2,1,other_head,other_pos3plus,1,5,other_pos3plus,2,other_head,2.8599999999999994,extra5:other_pos3plus:s90.23->miss2:other_head:s93.09:gap+2.86
