month,race_id,winner,own_bante,own_bante_failed,head_score,own_bante_score,head_score_rank,own_bante_score_rank,head_minus_own_bante_score,line_size,best_other_bante_score,own_bante_minus_best_other_bante,other_bantes_above_own,best_other_head_score,head_minus_best_other_head,head_rank_bin,bante_rank_bin,head_bante_gap_bin,own_vs_best_other_bante_bin,other_bantes_above_bin,line_size_bin,head_vs_best_other_head_bin
2025_01,1320250104010005,4,6,1,94.31,90.21,4,7,4.1000000000000085,2,96.1,-5.890000000000001,2,97.07,-2.759999999999991,3-4,5+,4+,<-2,2+,2,<0
2025_01,1320250104030003,5,1,1,83.73,89.96,6,2,-6.22999999999999,3,96.1,-6.140000000000001,1,86.15,-2.4200000000000017,5+,1-2,<=0,<-2,1,3+,<0
2025_01,1320250124010010,2,7,0,84.21,86.52,4,3,-2.3100000000000023,2,90.6,-4.079999999999998,1,88.4,-4.190000000000012,3-4,3-4,<=0,<-2,1,2,<0
2025_01,1320250124020012,6,2,1,84.21,88.83,7,4,-4.6200000000000045,3,95.43,-6.6000000000000085,2,91.14,-6.930000000000007,5+,3-4,<=0,<-2,2+,3+,<0
2025_01,2220250101010004,1,3,0,88.4,88.19,1,2,0.21000000000000796,3,80.76,7.429999999999993,0,82.09,6.310000000000002,1-2,1-2,0-2,2+,0,3+,4+
2025_01,2220250101030001,4,2,1,81.9,73.7,2,4,8.200000000000003,2,83.03,-9.329999999999998,1,80.76,1.1400000000000006,1-2,3-4,4+,<-2,1,2,0-2
2025_01,2320250112030011,1,4,1,93.75,89.86,3,6,3.8900000000000006,3,94.16,-4.299999999999997,2,93.82,-0.06999999999999318,3-4,5+,2-4,<-2,2+,3+,<0
2025_01,2520250124030008,5,3,0,89.5,84.3,1,6,5.200000000000003,3,86.0,-1.7000000000000028,1,88.62,0.8799999999999955,1-2,5+,4+,-2-0,1,3+,0-2
2025_01,2620250108010004,4,2,0,86.71,88.4,4,2,-1.690000000000012,2,89.05,-0.6499999999999915,1,87.04,-0.3300000000000125,3-4,1-2,<=0,-2-0,1,2,<0
2025_01,2620250108020005,2,4,1,87.5,83.69,2,4,3.8100000000000023,2,82.65,1.039999999999992,0,89.05,-1.5499999999999972,1-2,3-4,2-4,0-2,0,2,<0
2025_01,2620250108030005,2,4,0,92.83,90.21,2,4,2.6200000000000045,2,89.05,1.1599999999999966,0,97.09,-4.260000000000005,1-2,3-4,2-4,0-2,0,2,<0
2025_01,2720250111020007,4,3,0,90.07,92.25,4,3,-2.180000000000007,2,97.38,-5.1299999999999955,1,94.51,-4.440000000000012,3-4,3-4,<=0,<-2,1,2,<0
2025_01,2720250127010002,2,4,0,86.33,84.88,4,5,1.4500000000000028,3,87.95,-3.0700000000000074,1,89.7,-3.3700000000000045,3-4,5+,0-2,<-2,1,3+,<0
2025_01,2820250122010004,3,5,1,85.34,82.08,3,5,3.260000000000005,2,86.82,-4.739999999999995,1,89.42,-4.079999999999998,3-4,5+,2-4,<-2,1,2,<0
2025_01,2820250122030002,1,4,0,93.13,85.83,1,2,7.299999999999997,3,82.8,3.030000000000001,0,82.93,10.199999999999989,1-2,1-2,4+,2+,0,3+,4+
2025_01,3120250129010009,1,3,0,97.52,93.83,1,3,3.6899999999999977,3,93.35,0.480000000000004,0,95.36,2.1599999999999966,1-2,3-4,2-4,0-2,0,3+,2-4
2025_01,3120250129020006,1,2,1,88.11,85.66,1,2,2.450000000000003,3,83.8,1.8599999999999994,0,83.56,4.549999999999997,1-2,1-2,2-4,0-2,0,3+,4+
2025_01,3120250129020008,1,2,0,95.36,92.07,1,2,3.2900000000000063,3,88.41,3.6599999999999966,0,88.2,7.159999999999997,1-2,1-2,2-4,2+,0,3+,4+
2025_01,3120250129020009,1,3,0,93.35,92.12,1,3,1.2299999999999898,3,89.9,2.219999999999999,0,92.68,0.6699999999999875,1-2,3-4,0-2,2+,0,3+,0-2
2025_01,3120250129030004,7,2,0,74.06,83.92,7,2,-9.86,2,83.16,0.7600000000000051,0,87.71,-13.649999999999991,5+,1-2,<=0,0-2,0,2,<0
2025_01,3120250129030009,1,3,1,97.52,93.83,1,3,3.6899999999999977,3,93.35,0.480000000000004,0,95.36,2.1599999999999966,1-2,3-4,2-4,0-2,0,3+,2-4
2025_01,3420250105020001,2,1,0,83.56,84.9,2,1,-1.3400000000000034,3,82.09,2.8100000000000023,0,79.41,4.150000000000006,1-2,1-2,<=0,2+,0,3+,4+
2025_01,3420250120030004,2,4,1,81.09,79.33,2,4,1.7600000000000051,2,79.47,-0.14000000000000057,1,82.78,-1.6899999999999977,1-2,3-4,0-2,-2-0,1,2,<0
2025_01,3420250125010002,1,6,0,86.0,73.9,3,7,12.099999999999994,2,88.69,-14.789999999999992,2,88.69,-2.6899999999999977,3-4,5+,4+,<-2,2+,2,<0
2025_01,3520250117010005,2,1,1,87.6,88.66,2,1,-1.0600000000000023,3,83.6,5.060000000000002,0,86.81,0.789999999999992,1-2,1-2,<=0,2+,0,3+,0-2
2025_01,3520250117030006,3,4,1,88.66,84.92,3,4,3.739999999999995,2,96.26,-11.340000000000003,1,89.77,-1.1099999999999994,3-4,3-4,2-4,<-2,1,2,<0
2025_01,3520250131010009,7,3,0,84.28,89.92,3,1,-5.640000000000001,2,81.95,7.969999999999999,0,84.57,-0.28999999999999204,3-4,1-2,<=0,2+,0,2,<0
2025_01,3720250101020001,3,5,0,85.16,77.85,2,4,7.310000000000002,2,80.33,-2.480000000000004,1,88.2,-3.0400000000000063,1-2,3-4,4+,<-2,1,2,<0
2025_01,3820250108030001,1,4,0,89.03,83.39,1,3,5.640000000000001,3,85.16,-1.769999999999996,1,80.62,8.409999999999997,1-2,3-4,4+,-2-0,1,3+,4+
2025_01,3820250113020009,5,2,0,85.66,82.81,1,3,2.8499999999999943,2,85.61,-2.799999999999997,1,78.66,7.0,1-2,3-4,2-4,<-2,1,2,4+
2025_01,3820250113030010,2,6,1,91.8,72.61,1,7,19.189999999999998,2,91.77,-19.159999999999997,2,88.6,3.200000000000003,1-2,5+,4+,<-2,2+,2,2-4
2025_01,3820250119030002,3,5,1,82.96,83.41,4,3,-0.45000000000000284,2,85.8,-2.3900000000000006,2,78.4,4.559999999999988,3-4,3-4,<=0,<-2,2+,2,4+
2025_01,3820250119030003,3,6,0,93.24,79.51,1,7,13.72999999999999,2,88.93,-9.420000000000002,2,90.0,3.239999999999995,1-2,5+,4+,<-2,2+,2,2-4
2025_01,4220250104020011,1,6,1,89.41,82.5,4,7,6.909999999999997,2,95.08,-12.579999999999998,2,95.51,-6.1000000000000085,3-4,5+,4+,<-2,2+,2,<0
2025_01,4220250104030012,4,7,1,89.41,91.0,5,3,-1.5900000000000034,3,95.51,-4.510000000000005,1,90.94,-1.5300000000000011,5+,3-4,<=0,<-2,1,3+,<0
2025_01,4220250117010008,5,3,1,81.8,90.3,5,3,-8.5,3,91.33,-1.0300000000000011,1,90.85,-9.049999999999997,5+,3-4,<=0,-2-0,1,3+,<0
2025_01,4220250117020007,2,1,1,91.81,95.83,2,1,-4.019999999999996,3,91.33,4.5,0,87.91,3.9000000000000057,1-2,1-2,<=0,2+,0,3+,2-4
2025_01,4220250117020008,2,1,1,91.46,92.48,2,1,-1.0200000000000102,2,90.85,1.6300000000000097,0,88.81,2.6499999999999915,1-2,1-2,<=0,0-2,0,2,2-4
2025_01,4220250117030004,2,1,0,80.0,85.43,2,1,-5.430000000000007,3,73.93,11.5,0,79.43,0.5699999999999932,1-2,1-2,<=0,2+,0,3+,0-2
2025_01,4220250117030005,2,5,1,79.17,72.53,2,5,6.640000000000001,2,72.77,-0.23999999999999488,1,82.5,-3.3299999999999983,1-2,5+,4+,-2-0,1,2,<0
2025_01,4220250129010007,7,4,1,76.25,83.07,7,4,-6.819999999999993,2,88.58,-5.510000000000005,2,88.78,-12.530000000000001,5+,3-4,<=0,<-2,2+,2,<0
2025_01,4220250129030006,3,1,1,87.16,93.96,3,1,-6.799999999999997,3,89.33,4.6299999999999955,0,86.17,0.9899999999999949,3-4,1-2,<=0,2+,0,3+,0-2
2025_01,4320250114020005,2,1,0,83.1,83.75,2,1,-0.6500000000000057,3,81.37,2.3799999999999955,0,78.95,4.1499999999999915,1-2,1-2,<=0,2+,0,3+,4+
2025_01,4420250102030001,5,3,0,70.5,81.95,5,3,-11.450000000000003,2,84.42,-2.469999999999999,1,82.29,-11.790000000000006,5+,3-4,<=0,<-2,1,2,<0
2025_01,4420250114010002,5,3,0,80.76,83.57,6,3,-2.809999999999988,2,84.83,-1.2600000000000051,1,84.12,-3.3599999999999994,5+,3-4,<=0,-2-0,1,2,<0
2025_01,4720250114020007,1,2,0,96.12,89.77,1,2,6.3500000000000085,3,86.56,3.2099999999999937,0,83.19,12.930000000000007,1-2,1-2,4+,2+,0,3+,4+
2025_01,4820250110010002,3,6,1,81.2,80.54,5,7,0.6599999999999966,2,87.4,-6.859999999999999,2,87.13,-5.929999999999993,5+,5+,0-2,<-2,2+,2,<0
2025_01,4820250110010003,1,7,1,86.96,85.41,3,4,1.5499999999999972,2,90.33,-4.920000000000002,1,87.33,-0.37000000000000455,3-4,3-4,0-2,<-2,1,2,<0
2025_01,5320250114010007,2,4,0,83.58,89.19,5,2,-5.609999999999999,2,89.33,-0.14000000000000057,1,86.33,-2.75,5+,1-2,<=0,-2-0,1,2,<0
2025_01,5320250114010008,3,2,1,88.78,87.5,1,2,1.2800000000000011,3,87.31,0.18999999999999773,0,84.78,4.0,1-2,1-2,0-2,0-2,0,3+,4+
2025_01,5320250114020011,5,2,1,92.85,90.7,2,3,2.1499999999999915,2,87.31,3.3900000000000006,0,89.4,3.4499999999999886,1-2,3-4,2-4,2+,0,2,2-4
2025_01,5320250114030005,2,5,0,86.33,84.7,1,2,1.6299999999999955,3,72.23,12.469999999999999,0,83.93,2.3999999999999915,1-2,1-2,0-2,2+,0,3+,2-4
2025_01,5620250120020002,5,2,1,81.54,86.26,5,1,-4.719999999999999,3,81.85,4.410000000000011,0,83.86,-2.319999999999993,5+,1-2,<=0,2+,0,3+,<0
2025_01,5620250120020003,1,5,0,98.05,91.66,1,3,6.390000000000001,2,95.15,-3.490000000000009,1,84.94,13.11,1-2,3-4,4+,<-2,1,2,4+
2025_01,6120250116010004,1,4,1,95.75,89.58,1,2,6.170000000000002,2,87.7,1.8799999999999955,0,84.2,11.549999999999997,1-2,1-2,4+,0-2,0,2,4+
2025_01,6120250116020003,4,3,0,95.75,89.27,2,5,6.480000000000004,2,96.31,-7.040000000000006,2,94.03,1.7199999999999989,1-2,5+,4+,<-2,2+,2,0-2
2025_01,7120250120010007,2,5,1,88.04,91.33,2,1,-3.289999999999992,2,83.72,7.609999999999999,0,86.12,1.9200000000000017,1-2,1-2,<=0,2+,0,2,0-2
2025_01,7120250120010010,6,3,1,73.13,80.91,7,6,-7.780000000000001,2,85.4,-4.490000000000009,2,90.26,-17.13000000000001,5+,5+,<=0,<-2,2+,2,<0
2025_01,7120250125010007,5,3,1,103.33,94.81,1,5,8.519999999999996,2,95.12,-0.3100000000000023,1,97.0,6.329999999999998,1-2,5+,4+,-2-0,1,2,4+
2025_01,7320250103010010,3,4,1,85.52,80.33,4,6,5.189999999999998,2,86.25,-5.920000000000002,1,87.0,-1.480000000000004,3-4,5+,4+,<-2,1,2,<0
2025_01,7320250126010002,3,5,0,90.63,82.58,1,4,8.049999999999997,2,85.63,-3.049999999999997,1,85.53,5.099999999999994,1-2,3-4,4+,<-2,1,2,4+
2025_01,7320250126010003,1,4,1,84.36,82.38,4,5,1.980000000000004,2,90.42,-8.040000000000006,1,91.2,-6.840000000000003,3-4,5+,0-2,<-2,1,2,<0
2025_01,7320250126010004,1,3,0,95.45,88.75,1,2,6.700000000000003,4,83.9,4.849999999999994,0,65.94,29.510000000000005,1-2,1-2,4+,2+,0,3+,4+
2025_01,7320250126020002,3,5,0,85.81,88.03,2,1,-2.219999999999999,2,80.14,7.890000000000001,0,81.66,4.150000000000006,1-2,1-2,<=0,2+,0,2,4+
2025_01,7320250126030003,2,7,1,90.63,88.75,2,3,1.8799999999999955,3,94.73,-5.980000000000004,1,88.03,2.5999999999999943,1-2,3-4,0-2,<-2,1,3+,2-4
2025_01,7420250103010002,1,7,0,90.05,86.94,1,2,3.1099999999999994,2,81.79,5.1499999999999915,0,82.77,7.280000000000001,1-2,1-2,2-4,2+,0,2,4+
2025_01,7420250103020001,6,5,1,0.0,82.95,7,1,-82.95,3,79.8,3.1500000000000057,0,82.41,-82.41,5+,1-2,<=0,2+,0,3+,<0
2025_01,7420250108010003,1,4,0,88.5,83.77,1,4,4.730000000000004,3,87.37,-3.6000000000000085,1,86.3,2.200000000000003,1-2,3-4,4+,<-2,1,3+,2-4
2025_01,7420250108020008,2,1,0,98.47,101.96,2,1,-3.489999999999995,3,85.43,16.529999999999987,0,90.16,8.310000000000002,1-2,1-2,<=0,2+,0,3+,4+
2025_01,7420250108030009,3,4,1,98.47,94.68,3,4,3.789999999999992,2,101.96,-7.279999999999987,2,88.38,10.090000000000003,3-4,3-4,2-4,<-2,2+,2,4+
2025_01,7420250120030006,3,4,1,86.0,85.95,3,4,0.04999999999999716,3,94.72,-8.769999999999996,1,90.56,-4.560000000000002,3-4,3-4,0-2,<-2,1,3+,<0
2025_01,7520250113030003,1,5,0,87.85,82.53,2,6,5.319999999999993,2,87.0,-4.469999999999999,2,90.61,-2.760000000000005,1-2,5+,4+,<-2,2+,2,<0
2025_01,7520250113030004,5,3,0,84.92,84.54,5,6,0.37999999999999545,3,87.03,-2.489999999999995,1,94.52,-9.599999999999994,5+,5+,0-2,<-2,1,3+,<0
2025_01,7520250122020003,3,5,1,91.57,80.75,2,6,10.819999999999993,2,81.94,-1.1899999999999977,1,93.89,-2.3200000000000074,1-2,5+,4+,-2-0,1,2,<0
2025_01,7520250122030004,1,5,0,90.08,83.33,2,4,6.75,3,81.94,1.3900000000000006,0,85.46,4.6200000000000045,1-2,3-4,4+,0-2,0,3+,4+
2025_01,8120250105010001,3,5,0,84.79,81.08,3,5,3.710000000000008,3,86.7,-5.6200000000000045,2,89.19,-4.3999999999999915,3-4,5+,2-4,<-2,2+,3+,<0
2025_01,8120250111010007,5,1,0,86.69,87.9,2,1,-1.210000000000008,2,86.41,1.490000000000009,0,82.44,4.25,1-2,1-2,<=0,0-2,0,2,4+
2025_01,8120250111020007,6,2,0,69.57,82.44,7,1,-12.870000000000005,2,80.31,2.1299999999999955,0,81.6,-12.030000000000001,5+,1-2,<=0,2+,0,2,<0
2025_01,8120250111020011,1,7,1,94.27,84.81,1,6,9.459999999999994,3,86.69,-1.8799999999999955,1,91.86,2.4099999999999966,1-2,5+,4+,-2-0,1,3+,2-4
2025_01,8120250111030012,7,2,0,94.27,91.86,1,3,2.4099999999999966,2,86.36,5.5,0,91.91,2.3599999999999994,1-2,3-4,2-4,2+,0,2,2-4
2025_01,8120250126020004,2,1,0,84.16,87.0,2,1,-2.8400000000000034,3,83.21,3.7900000000000063,0,83.64,0.519999999999996,1-2,1-2,<=0,2+,0,3+,0-2
2025_01,8120250126020005,4,1,1,83.15,87.1,4,1,-3.9499999999999886,3,86.36,0.7399999999999949,0,84.09,-0.9399999999999977,3-4,1-2,<=0,0-2,0,3+,<0
2025_01,8120250126030004,2,1,0,87.0,90.0,2,1,-3.0,3,80.54,9.459999999999994,0,82.42,4.579999999999998,1-2,1-2,<=0,2+,0,3+,4+
2025_01,8320250116020006,1,6,1,84.66,77.84,2,6,6.819999999999993,2,80.62,-2.780000000000001,2,86.66,-2.0,1-2,5+,4+,<-2,2+,2,<0
2025_01,8320250116030005,3,4,1,79.06,83.6,5,2,-4.539999999999992,2,80.62,2.9799999999999898,0,85.0,-5.939999999999998,5+,1-2,<=0,2+,0,2,<0
2025_01,8320250116030010,7,1,0,87.8,92.27,2,1,-4.469999999999999,2,83.75,8.519999999999996,0,83.75,4.049999999999997,1-2,1-2,<=0,2+,0,2,4+
2025_01,8320250128020001,5,2,0,82.05,83.68,5,2,-1.6300000000000097,2,84.0,-0.3199999999999932,1,82.11,-0.060000000000002274,5+,1-2,<=0,-2-0,1,2,<0
2025_01,8520250111010005,2,1,0,86.83,90.58,2,1,-3.75,3,83.62,6.959999999999994,0,84.06,2.769999999999996,1-2,1-2,<=0,2+,0,3+,2-4
2025_01,8520250111010006,1,2,1,90.47,85.23,1,2,5.239999999999995,2,84.15,1.0799999999999983,0,82.28,8.189999999999998,1-2,1-2,4+,0-2,0,2,4+
2025_01,8520250111020007,1,2,1,92.04,91.44,1,2,0.6000000000000085,3,90.58,0.8599999999999994,0,86.31,5.730000000000004,1-2,1-2,0-2,0-2,0,3+,4+
2025_01,8520250111030005,3,4,0,87.8,85.3,3,4,2.5,3,90.58,-5.280000000000001,1,88.16,-0.35999999999999943,3-4,3-4,2-4,<-2,1,3+,<0
2025_01,8620250107010002,4,1,1,85.79,89.37,3,1,-3.5799999999999983,3,87.07,2.3000000000000114,0,84.33,1.460000000000008,3-4,1-2,<=0,2+,0,3+,0-2
2025_01,8620250126020005,3,4,1,83.26,81.0,3,4,2.260000000000005,3,87.91,-6.909999999999997,1,87.47,-4.209999999999994,3-4,3-4,2-4,<-2,1,3+,<0
2025_01,8720250105030004,2,4,1,90.66,73.66,1,6,17.0,3,88.2,-14.540000000000006,2,89.84,0.8199999999999932,1-2,5+,4+,<-2,2+,3+,0-2
2025_01,8720250105030006,1,4,1,91.41,82.95,1,5,8.459999999999994,3,85.32,-2.3699999999999903,1,89.16,2.25,1-2,5+,4+,<-2,1,3+,2-4
2025_01,8720250123020005,3,7,1,90.66,86.24,2,4,4.420000000000002,3,85.0,1.2399999999999949,0,84.66,6.0,1-2,3-4,4+,0-2,0,3+,4+
2025_02,1320250201010002,1,3,0,84.16,82.21,3,4,1.9500000000000028,3,86.62,-4.410000000000011,1,89.18,-5.02000000000001,3-4,3-4,0-2,<-2,1,3+,<0
2025_02,1320250201030001,1,4,1,85.08,80.57,1,3,4.510000000000005,2,80.31,0.2599999999999909,0,81.09,3.989999999999995,1-2,3-4,4+,0-2,0,2,2-4
2025_02,2220250214010005,5,3,1,81.71,84.3,5,3,-2.5900000000000034,2,82.88,1.4200000000000017,0,89.95,-8.240000000000009,5+,3-4,<=0,0-2,0,2,<0
2025_02,2220250214020004,3,1,0,81.89,90.66,3,1,-8.769999999999996,2,87.0,3.6599999999999966,0,78.42,3.469999999999999,3-4,1-2,<=0,2+,0,2,2-4
2025_02,2220250214030007,6,7,1,82.45,81.71,6,7,0.7400000000000091,2,91.77,-10.060000000000002,2,93.33,-10.879999999999995,5+,5+,0-2,<-2,2+,2,<0
2025_02,2420250210020003,1,5,1,91.59,88.62,3,4,2.969999999999999,2,88.13,0.4900000000000091,0,91.77,-0.1799999999999926,3-4,3-4,2-4,0-2,0,2,<0
2025_02,2420250210030001,4,6,1,84.16,77.4,1,7,6.759999999999991,2,84.09,-6.689999999999998,2,82.12,2.039999999999992,1-2,5+,4+,<-2,2+,2,2-4
2025_02,2420250217030008,7,3,1,92.69,87.58,1,4,5.109999999999999,2,86.3,1.2800000000000011,0,91.6,1.0900000000000034,1-2,3-4,4+,0-2,0,2,0-2
2025_02,2620250213020006,3,7,1,86.35,76.34,2,5,10.009999999999991,3,87.27,-10.929999999999993,1,82.27,4.079999999999998,1-2,5+,4+,<-2,1,3+,4+
2025_02,2620250213030008,1,6,1,89.36,81.03,2,7,8.329999999999998,2,89.47,-8.439999999999998,2,85.57,3.7900000000000063,1-2,5+,4+,<-2,2+,2,2-4
2025_02,2720250210010008,3,7,0,89.93,84.32,1,4,5.610000000000014,2,78.16,6.159999999999997,0,84.86,5.070000000000007,1-2,3-4,4+,2+,0,2,4+
2025_02,3420250223030003,3,4,1,83.61,82.77,3,4,0.8400000000000034,2,84.47,-1.7000000000000028,1,89.68,-6.070000000000007,3-4,3-4,0-2,-2-0,1,2,<0
2025_02,3520250220010005,2,1,0,88.18,88.69,2,1,-0.5099999999999909,3,86.9,1.789999999999992,0,82.45,5.730000000000004,1-2,1-2,<=0,0-2,0,3+,4+
2025_02,3520250220020003,1,2,0,85.58,83.4,1,2,2.1799999999999926,2,76.75,6.650000000000006,0,82.31,3.269999999999996,1-2,1-2,2-4,2+,0,2,2-4
2025_02,3520250220030005,2,1,0,88.18,93.11,2,1,-4.929999999999993,3,85.8,7.310000000000002,0,84.53,3.6500000000000057,1-2,1-2,<=0,2+,0,3+,2-4
2025_02,3720250222010004,4,1,0,94.78,85.0,1,2,9.780000000000001,3,81.75,3.25,0,83.7,11.079999999999998,1-2,1-2,4+,2+,0,3+,4+
2025_02,3820250207020001,1,7,1,82.5,76.33,4,6,6.170000000000002,2,86.11,-9.780000000000001,2,83.9,-1.4000000000000057,3-4,5+,4+,<-2,2+,2,<0
2025_02,3820250207020003,7,1,1,87.04,87.62,5,4,-0.5799999999999983,2,87.92,-0.29999999999999716,1,93.15,-6.109999999999999,5+,3-4,<=0,-2-0,1,2,<0
2025_02,4220250211030003,7,3,1,78.94,80.46,7,3,-1.519999999999996,2,80.33,0.12999999999999545,0,88.7,-9.760000000000005,5+,3-4,<=0,0-2,0,2,<0
2025_02,4320250212030002,3,5,0,82.66,77.8,3,6,4.859999999999999,2,78.16,-0.35999999999999943,1,88.72,-6.060000000000002,3-4,5+,4+,-2-0,1,2,<0
2025_02,4320250212030011,5,3,1,86.75,88.96,5,3,-2.2099999999999937,2,95.85,-6.890000000000001,2,88.5,-1.75,5+,3-4,<=0,<-2,2+,2,<0
2025_02,4420250214030004,1,2,1,84.22,83.29,1,2,0.9299999999999926,3,82.57,0.7200000000000131,0,83.04,1.1799999999999926,1-2,1-2,0-2,0-2,0,3+,0-2
2025_02,4420250225030005,1,6,1,86.35,79.4,1,7,6.949999999999989,2,81.93,-2.530000000000001,1,85.43,0.9199999999999875,1-2,5+,4+,<-2,1,2,0-2
2025_02,4520250208010003,1,3,0,91.2,85.42,1,3,5.780000000000001,3,86.28,-0.8599999999999994,1,84.44,6.760000000000005,1-2,3-4,4+,-2-0,1,3+,4+
2025_02,4520250208030003,1,3,0,87.52,83.28,1,3,4.239999999999995,3,83.8,-0.519999999999996,1,82.94,4.579999999999998,1-2,3-4,4+,-2-0,1,3+,4+
2025_02,4720250217020005,2,5,1,92.72,92.14,1,2,0.5799999999999983,3,91.0,1.1400000000000006,0,85.37,7.349999999999994,1-2,1-2,0-2,0-2,0,3+,4+
2025_02,5620250218010001,1,7,0,85.56,80.04,2,6,5.519999999999996,2,87.89,-7.849999999999994,2,83.78,1.7800000000000011,1-2,5+,4+,<-2,2+,2,0-2
2025_02,5620250218030001,2,5,1,81.25,80.36,2,3,0.8900000000000006,3,79.68,0.6799999999999926,0,87.0,-5.75,1-2,3-4,0-2,0-2,0,3+,<0
2025_02,5620250218030004,7,3,1,82.14,85.56,5,3,-3.4200000000000017,2,91.5,-5.939999999999998,1,87.89,-5.75,5+,3-4,<=0,<-2,1,2,<0
2025_02,6120250205010005,1,6,0,87.12,80.72,1,6,6.400000000000006,2,85.25,-4.530000000000001,2,85.61,1.5100000000000051,1-2,5+,4+,<-2,2+,2,0-2
2025_02,6120250205010006,2,5,1,86.22,80.58,2,5,5.640000000000001,2,87.9,-7.320000000000007,2,86.18,0.03999999999999204,1-2,5+,4+,<-2,2+,2,0-2
2025_02,6120250205020004,2,4,1,83.04,82.0,2,4,1.0400000000000063,3,82.11,-0.10999999999999943,1,85.61,-2.569999999999993,1-2,3-4,0-2,-2-0,1,3+,<0
2025_02,6120250213010002,7,2,0,87.86,84.38,1,4,3.480000000000004,3,85.54,-1.1600000000000108,1,85.66,2.200000000000003,1-2,3-4,2-4,-2-0,1,3+,2-4
2025_02,6120250213010003,2,5,0,86.63,88.33,2,1,-1.7000000000000028,3,83.16,5.170000000000002,0,79.58,7.049999999999997,1-2,1-2,<=0,2+,0,3+,4+
2025_02,6120250213030001,5,1,0,83.25,86.63,3,1,-3.3799999999999955,2,85.76,0.8699999999999903,0,83.16,0.09000000000000341,3-4,1-2,<=0,0-2,0,2,0-2
2025_02,6120250213030011,2,6,1,93.6,87.86,1,7,5.739999999999995,2,91.55,-3.6899999999999977,2,92.83,0.769999999999996,1-2,5+,4+,<-2,2+,2,0-2
2025_02,7120250212030008,4,1,0,89.7,86.09,4,5,3.6099999999999994,3,92.15,-6.060000000000002,1,93.84,-4.140000000000001,3-4,5+,2-4,<-2,1,3+,<0
2025_02,7420250205010003,2,5,0,88.3,88.83,2,1,-0.5300000000000011,3,82.79,6.039999999999992,0,82.83,5.469999999999999,1-2,1-2,<=0,2+,0,3+,4+
2025_02,7420250205030001,1,4,1,83.66,82.83,1,3,0.8299999999999983,2,77.95,4.8799999999999955,0,83.25,0.4099999999999966,1-2,3-4,0-2,2+,0,2,0-2
2025_02,8120250204020001,1,7,0,86.78,85.52,1,2,1.2600000000000051,3,83.72,1.7999999999999972,0,83.64,3.1400000000000006,1-2,1-2,0-2,0-2,0,3+,2-4
2025_02,8120250211020004,4,3,1,82.34,83.81,4,3,-1.4699999999999989,3,89.5,-5.689999999999998,1,85.62,-3.280000000000001,3-4,3-4,<=0,<-2,1,3+,<0
2025_02,8120250219030011,5,2,1,87.6,89.55,6,5,-1.9500000000000028,2,92.88,-3.3299999999999983,2,95.34,-7.740000000000009,5+,5+,<=0,<-2,2+,2,<0
2025_02,8320250207010006,7,1,1,85.33,83.33,3,5,2.0,3,88.33,-5.0,1,86.61,-1.2800000000000011,3-4,5+,2-4,<-2,1,3+,<0
2025_02,8420250203010012,4,6,0,99.36,90.62,1,7,8.739999999999995,3,94.68,-4.060000000000002,2,93.22,6.140000000000001,1-2,5+,4+,<-2,2+,3+,4+
2025_02,8420250203020012,5,3,1,99.36,88.05,1,4,11.310000000000002,2,82.33,5.719999999999999,0,93.33,6.030000000000001,1-2,3-4,4+,2+,0,2,4+
2025_02,8420250203030012,1,7,1,99.36,93.33,1,3,6.030000000000001,2,93.22,0.10999999999999943,0,91.25,8.11,1-2,3-4,4+,0-2,0,2,4+
2025_02,8520250217020003,3,1,0,84.21,87.37,3,1,-3.160000000000011,3,85.46,1.9100000000000108,0,80.68,3.529999999999987,3-4,1-2,<=0,0-2,0,3+,2-4
2025_02,8520250217020004,7,5,1,76.34,79.54,7,5,-3.200000000000003,2,85.91,-6.36999999999999,2,86.75,-10.409999999999997,5+,5+,<=0,<-2,2+,2,<0
2025_02,8520250225010001,1,7,1,87.28,85.0,1,3,2.280000000000001,3,85.57,-0.5699999999999932,1,82.41,4.8700000000000045,1-2,3-4,2-4,-2-0,1,3+,4+
2025_02,8620250201010001,7,1,0,81.56,88.51,6,1,-6.950000000000003,3,84.66,3.8500000000000085,0,85.85,-4.289999999999992,5+,1-2,<=0,2+,0,3+,<0
2025_02,8620250201010005,1,7,1,91.08,89.71,5,6,1.3700000000000045,2,98.56,-8.850000000000009,1,94.16,-3.0799999999999983,5+,5+,0-2,<-2,1,2,<0
2025_02,8620250201020003,6,1,0,83.57,89.36,7,2,-5.790000000000006,2,87.8,1.5600000000000023,0,91.08,-7.510000000000005,5+,1-2,<=0,0-2,0,2,<0
2025_02,8620250201030004,2,4,1,91.08,74.03,1,6,17.049999999999997,2,87.8,-13.769999999999996,1,85.54,5.539999999999992,1-2,5+,4+,<-2,1,2,4+
2025_02,8620250208010003,4,1,0,86.33,88.51,4,1,-2.180000000000007,3,86.74,1.7700000000000102,0,86.65,-0.3200000000000074,3-4,1-2,<=0,0-2,0,3+,<0
2025_02,8620250208020009,1,5,0,96.0,85.95,1,5,10.049999999999997,3,85.95,0.0,0,93.62,2.3799999999999955,1-2,5+,4+,0-2,0,3+,2-4
2025_02,8720250216010001,1,7,0,89.83,85.9,1,4,3.9299999999999926,2,88.85,-2.9499999999999886,1,86.2,3.6299999999999955,1-2,3-4,2-4,<-2,1,2,2-4
2025_02,8720250216010005,5,3,1,94.59,94.04,2,3,0.5499999999999972,2,93.78,0.2600000000000051,0,91.1,3.490000000000009,1-2,3-4,0-2,0-2,0,2,2-4
2025_02,8720250216020003,7,1,1,89.83,85.88,2,6,3.950000000000003,2,88.85,-2.969999999999999,1,91.1,-1.269999999999996,1-2,5+,2-4,<-2,1,2,<0
2025_03,1320250318010002,1,5,0,89.3,86.04,1,3,3.259999999999991,2,83.96,2.0800000000000125,0,86.7,2.5999999999999943,1-2,3-4,2-4,2+,0,2,2-4
2025_03,1320250318020002,2,6,1,81.0,79.42,6,7,1.5799999999999983,2,85.42,-6.0,2,83.89,-2.8900000000000006,5+,5+,0-2,<-2,2+,2,<0
2025_03,1320250318030002,1,5,1,86.7,83.89,1,3,2.8100000000000023,2,85.76,-1.8700000000000045,1,83.25,3.450000000000003,1-2,3-4,2-4,-2-0,1,2,2-4
2025_03,2220250316010001,5,1,1,83.62,89.5,5,1,-5.8799999999999955,2,88.63,0.8700000000000045,0,85.72,-2.0999999999999943,5+,1-2,<=0,0-2,0,2,<0
2025_03,2220250316010002,2,1,1,89.0,89.08,2,1,-0.0799999999999983,3,86.2,2.8799999999999955,0,84.41,4.590000000000003,1-2,1-2,<=0,2+,0,3+,4+
2025_03,2220250316010003,1,3,0,90.87,84.5,1,3,6.3700000000000045,3,89.06,-4.560000000000002,1,83.24,7.63000000000001,1-2,3-4,4+,<-2,1,3+,4+
2025_03,2220250316020003,1,3,1,89.08,84.81,1,3,4.269999999999996,3,85.72,-0.9099999999999966,1,82.69,6.390000000000001,1-2,3-4,4+,-2-0,1,3+,4+
2025_03,2220250316020007,5,4,1,89.0,90.87,5,4,-1.8700000000000045,2,93.0,-2.1299999999999955,1,94.33,-5.329999999999998,5+,3-4,<=0,<-2,1,2,<0
2025_03,2220250321010008,7,3,0,88.0,87.75,2,3,0.25,3,89.75,-2.0,1,82.85,5.150000000000006,1-2,3-4,0-2,-2-0,1,3+,4+
2025_03,2220250321010009,5,1,1,86.96,88.46,3,2,-1.5,2,89.8,-1.3400000000000034,1,84.52,2.4399999999999977,3-4,1-2,<=0,-2-0,1,2,2-4
2025_03,2220250321020008,1,4,0,84.91,82.77,3,4,2.1400000000000006,3,82.5,0.269999999999996,0,86.42,-1.5100000000000051,3-4,3-4,2-4,0-2,0,3+,<0
2025_03,2220250321030008,1,4,1,89.9,87.75,1,3,2.1500000000000057,3,89.74,-1.9899999999999949,1,86.2,3.700000000000003,1-2,3-4,2-4,-2-0,1,3+,2-4
2025_03,2320250310010001,5,2,0,89.04,90.11,2,1,-1.0699999999999932,3,88.26,1.8499999999999943,0,84.76,4.280000000000001,1-2,1-2,<=0,0-2,0,3+,4+
2025_03,2420250305030003,2,4,0,91.95,85.39,2,5,6.560000000000002,3,86.8,-1.4099999999999966,1,85.71,6.240000000000009,1-2,5+,4+,-2-0,1,3+,4+
2025_03,2420250317020001,1,7,1,85.96,79.25,1,6,6.709999999999994,2,80.83,-1.5799999999999983,2,84.29,1.6699999999999875,1-2,5+,4+,-2-0,2+,2,0-2
2025_03,2520250313010001,5,1,0,86.96,86.6,2,3,0.35999999999999943,3,89.2,-2.6000000000000085,1,84.7,2.259999999999991,1-2,3-4,0-2,<-2,1,3+,2-4
2025_03,2520250313020002,3,5,1,89.2,83.33,1,2,5.8700000000000045,3,82.4,0.9299999999999926,0,82.92,6.280000000000001,1-2,1-2,4+,0-2,0,3+,4+
2025_03,2620250307010006,4,3,1,83.65,84.61,4,3,-0.9599999999999937,2,87.22,-2.6099999999999994,1,88.79,-5.140000000000001,3-4,3-4,<=0,<-2,1,2,<0
2025_03,2620250307020009,1,7,1,91.88,83.65,1,7,8.22999999999999,2,88.5,-4.849999999999994,2,91.42,0.45999999999999375,1-2,5+,4+,<-2,2+,2,0-2
2025_03,2620250307030006,1,2,0,88.82,88.79,1,2,0.029999999999986926,3,87.22,1.5700000000000074,0,87.03,1.789999999999992,1-2,1-2,0-2,0-2,0,3+,0-2
2025_03,2720250307020011,5,2,0,94.28,88.93,1,3,5.349999999999994,2,85.38,3.5500000000000114,0,92.65,1.6299999999999955,1-2,3-4,4+,2+,0,2,0-2
2025_03,3420250313010009,4,3,0,92.64,94.0,4,3,-1.3599999999999994,3,97.32,-3.319999999999993,1,97.5,-4.859999999999999,3-4,3-4,<=0,<-2,1,3+,<0
2025_03,3420250313030007,1,3,0,92.64,87.87,1,3,4.769999999999996,3,88.59,-0.7199999999999989,1,85.75,6.890000000000001,1-2,3-4,4+,-2-0,1,3+,4+
2025_03,3520250310020008,1,2,1,93.95,93.66,1,2,0.29000000000000625,2,91.12,2.539999999999992,0,87.58,6.3700000000000045,1-2,1-2,0-2,2+,0,2,4+
2025_03,3520250310030004,3,2,1,83.3,85.7,3,2,-2.4000000000000057,3,82.44,3.260000000000005,0,86.7,-3.4000000000000057,3-4,1-2,<=0,2+,0,3+,<0
2025_03,3820250307030002,4,2,1,87.61,80.32,1,3,7.290000000000006,2,79.61,0.7099999999999937,0,80.9,6.709999999999994,1-2,3-4,4+,0-2,0,2,4+
2025_03,4320250305020009,1,5,1,81.63,79.16,4,5,2.469999999999999,3,76.95,2.2099999999999937,0,87.25,-5.6200000000000045,3-4,5+,2-4,2+,0,3+,<0
2025_03,4320250305030005,1,4,1,82.79,79.16,1,6,3.6300000000000097,2,79.53,-0.37000000000000455,1,81.04,1.75,1-2,5+,2-4,-2-0,1,2,0-2
2025_03,4320250319010008,2,5,0,82.14,88.25,5,1,-6.109999999999999,3,82.29,5.959999999999994,0,87.21,-5.069999999999993,5+,1-2,<=0,2+,0,3+,<0
2025_03,4320250319030005,2,7,0,84.31,82.29,1,2,2.019999999999996,3,78.62,3.6700000000000017,0,79.87,4.439999999999998,1-2,1-2,2-4,2+,0,3+,4+
2025_03,4720250301010002,4,3,1,83.11,83.34,4,3,-0.23000000000000398,2,90.11,-6.769999999999996,1,86.19,-3.0799999999999983,3-4,3-4,<=0,<-2,1,2,<0
2025_03,4720250301020004,1,4,1,86.19,82.92,1,4,3.269999999999996,3,83.68,-0.7600000000000051,1,83.45,2.739999999999995,1-2,3-4,2-4,-2-0,1,3+,2-4
2025_03,5320250316010001,1,3,1,89.66,84.25,1,3,5.409999999999997,2,83.48,0.769999999999996,0,85.29,4.36999999999999,1-2,3-4,4+,0-2,0,2,4+
2025_03,5320250316020003,3,6,0,83.11,81.14,3,6,1.9699999999999989,2,83.48,-2.3400000000000034,2,84.25,-1.1400000000000006,3-4,5+,0-2,<-2,2+,2,<0
2025_03,5320250316030002,4,1,1,81.37,85.66,4,1,-4.289999999999992,2,82.7,2.9599999999999937,0,81.14,0.23000000000000398,3-4,1-2,<=0,2+,0,2,0-2
2025_03,5320250316030005,7,5,0,79.87,84.25,7,5,-4.3799999999999955,2,92.06,-7.810000000000002,2,88.7,-8.829999999999998,5+,5+,<=0,<-2,2+,2,<0
2025_03,5620250322010007,2,1,0,89.33,89.75,2,1,-0.4200000000000017,3,84.8,4.950000000000003,0,81.46,7.8700000000000045,1-2,1-2,<=0,2+,0,3+,4+
2025_03,5620250322010008,4,5,1,85.66,82.48,4,5,3.1799999999999926,2,87.86,-5.3799999999999955,1,92.27,-6.609999999999999,3-4,5+,2-4,<-2,1,2,<0
2025_03,6120250314010012,5,3,0,91.56,92.4,6,4,-0.8400000000000034,3,92.6,-0.19999999999998863,1,94.33,-2.769999999999996,5+,3-4,<=0,-2-0,1,3+,<0
2025_03,6120250314020009,1,6,1,88.5,76.73,2,7,11.769999999999996,2,86.0,-9.269999999999996,2,91.14,-2.6400000000000006,1-2,5+,4+,<-2,2+,2,<0
2025_03,6120250314020011,2,5,1,91.56,91.77,2,1,-0.20999999999999375,2,81.62,10.149999999999991,0,85.08,6.480000000000004,1-2,1-2,<=0,2+,0,2,4+
2025_03,7120250317010003,2,5,1,90.41,82.62,1,5,7.789999999999992,2,88.37,-5.75,1,86.54,3.8699999999999903,1-2,5+,4+,<-2,1,2,2-4
2025_03,7120250317020004,3,5,0,91.65,88.37,2,4,3.280000000000001,2,92.12,-3.75,2,85.04,6.609999999999999,1-2,3-4,2-4,<-2,2+,2,4+
2025_03,7120250317030002,5,3,1,92.12,82.62,1,3,9.5,3,81.94,0.6800000000000068,0,85.79,6.329999999999998,1-2,3-4,4+,0-2,0,3+,4+
2025_03,7320250301020011,3,4,0,90.66,87.47,2,5,3.1899999999999977,2,92.13,-4.659999999999997,1,90.31,0.3499999999999943,1-2,5+,2-4,<-2,1,2,0-2
2025_03,7320250301030009,3,6,1,94.65,80.45,1,7,14.200000000000003,2,86.94,-6.489999999999995,2,88.66,5.990000000000009,1-2,5+,4+,<-2,2+,2,4+
2025_03,7320250301030012,2,3,1,90.66,91.0,5,4,-0.3400000000000034,2,93.47,-2.469999999999999,2,91.5,-0.8400000000000034,5+,3-4,<=0,<-2,2+,2,<0
2025_03,7420250319010007,5,6,0,83.47,81.18,5,6,2.289999999999992,2,90.22,-9.039999999999992,2,87.91,-4.439999999999998,5+,5+,2-4,<-2,2+,2,<0
2025_03,7420250319030004,6,5,0,81.66,82.05,6,5,-0.39000000000000057,2,83.38,-1.3299999999999983,2,85.71,-4.049999999999997,5+,5+,<=0,-2-0,2+,2,<0
2025_03,7420250319030007,2,1,0,90.9,91.2,2,1,-0.29999999999999716,2,83.47,7.730000000000004,0,87.08,3.8200000000000074,1-2,1-2,<=0,2+,0,2,2-4
2025_03,8120250317020001,5,1,1,83.45,82.0,3,4,1.4500000000000028,3,81.0,1.0,0,85.5,-2.049999999999997,3-4,3-4,0-2,0-2,0,3+,<0
2025_03,8120250317030001,2,7,1,85.66,85.5,1,2,0.1599999999999966,3,84.42,1.0799999999999983,0,81.21,4.450000000000003,1-2,1-2,0-2,0-2,0,3+,4+
2025_03,8120250322010008,5,7,1,82.9,78.93,5,7,3.969999999999999,2,85.92,-6.989999999999995,2,88.05,-5.1499999999999915,5+,5+,2-4,<-2,2+,2,<0
2025_03,8120250322020005,3,5,1,83.03,81.61,3,5,1.4200000000000017,2,85.92,-4.310000000000002,1,84.85,-1.8199999999999932,3-4,5+,0-2,<-2,1,2,<0
2025_03,8320250310020001,5,3,1,87.0,81.11,3,4,5.890000000000001,2,87.17,-6.060000000000002,1,87.76,-0.7600000000000051,3-4,3-4,4+,<-2,1,2,<0
2025_03,8320250310030002,7,3,1,87.76,80.29,3,6,7.469999999999999,2,87.17,-6.8799999999999955,1,92.15,-4.390000000000001,3-4,5+,4+,<-2,1,2,<0
2025_03,8420250313010008,6,5,1,81.9,82.87,6,5,-0.9699999999999989,2,88.8,-5.929999999999993,2,89.17,-7.269999999999996,5+,5+,<=0,<-2,2+,2,<0
2025_03,8420250313020005,2,4,1,86.42,85.16,2,4,1.2600000000000051,3,86.15,-0.9900000000000091,1,86.5,-0.0799999999999983,1-2,3-4,0-2,-2-0,1,3+,<0
2025_03,8520250304010003,2,7,0,85.91,90.12,2,1,-4.210000000000008,3,83.44,6.680000000000007,0,85.55,0.35999999999999943,1-2,1-2,<=0,2+,0,3+,0-2
2025_03,8520250304030003,5,1,0,85.91,84.45,1,2,1.4599999999999937,2,80.66,3.7900000000000063,0,83.41,2.5,1-2,1-2,0-2,2+,0,2,2-4
2025_03,8520250321010007,5,3,1,98.36,91.73,1,6,6.6299999999999955,2,95.36,-3.6299999999999955,2,94.46,3.9000000000000057,1-2,5+,4+,<-2,2+,2,2-4
2025_04,1320250428010003,7,1,1,83.81,85.77,5,3,-1.9599999999999937,3,86.25,-0.480000000000004,1,86.64,-2.8299999999999983,5+,3-4,<=0,-2-0,1,3+,<0
2025_04,2120250425010001,2,3,1,88.32,86.96,2,3,1.3599999999999994,2,89.73,-2.7700000000000102,1,85.57,2.75,1-2,3-4,0-2,<-2,1,2,2-4
2025_04,2120250425010005,1,2,0,90.28,88.72,1,2,1.5600000000000023,4,85.0,3.719999999999999,0,82.59,7.689999999999998,1-2,1-2,0-2,2+,0,3+,4+
2025_04,2520250426010003,7,4,0,86.74,88.62,2,1,-1.8800000000000097,3,81.61,7.010000000000005,0,81.57,5.170000000000002,1-2,1-2,<=0,2+,0,3+,4+
2025_04,2520250426020003,7,4,1,83.25,84.07,3,2,-0.8199999999999932,3,82.33,1.7399999999999949,0,86.46,-3.2099999999999937,3-4,1-2,<=0,0-2,0,3+,<0
2025_04,2820250426010008,3,5,1,84.87,82.7,5,6,2.1700000000000017,2,88.95,-6.25,2,87.93,-3.0600000000000023,5+,5+,2-4,<-2,2+,2,<0
2025_04,2820250426010010,1,5,0,88.08,86.92,1,2,1.1599999999999966,2,85.72,1.2000000000000028,0,85.27,2.8100000000000023,1-2,1-2,0-2,0-2,0,2,2-4
2025_04,2820250426010011,2,5,0,90.88,91.47,3,2,-0.5900000000000034,2,90.83,0.6400000000000006,0,91.93,-1.0500000000000114,3-4,1-2,<=0,0-2,0,2,<0
2025_04,2820250426030005,1,2,1,82.03,81.76,3,4,0.269999999999996,3,79.26,2.5,0,83.13,-1.0999999999999943,3-4,3-4,0-2,2+,0,3+,<0
2025_04,2820250426030009,4,5,0,88.08,86.7,2,5,1.3799999999999955,3,86.81,-0.10999999999999943,1,87.93,0.14999999999999147,1-2,5+,0-2,-2-0,1,3+,0-2
2025_04,2820250426030011,1,6,0,90.88,86.2,1,7,4.679999999999993,2,90.0,-3.799999999999997,2,90.77,0.10999999999999943,1-2,5+,4+,<-2,2+,2,0-2
2025_04,3120250422020011,5,3,0,90.66,81.2,2,6,9.459999999999994,2,82.3,-1.0999999999999943,1,92.75,-2.0900000000000034,1-2,5+,4+,-2-0,1,2,<0
2025_04,3120250422030009,1,4,1,88.5,79.5,2,6,9.0,3,88.61,-9.11,2,87.92,0.5799999999999983,1-2,5+,4+,<-2,2+,3+,0-2
2025_04,3420250428020005,2,4,1,85.4,82.81,2,4,2.5900000000000034,3,85.83,-3.019999999999996,1,81.78,3.6200000000000045,1-2,3-4,2-4,<-2,1,3+,2-4
2025_04,3420250428030005,2,4,1,85.33,82.8,2,4,2.530000000000001,3,88.59,-5.790000000000006,1,82.7,2.6299999999999955,1-2,3-4,2-4,<-2,1,3+,2-4
2025_04,3720250401010004,4,1,0,81.76,84.66,6,4,-2.8999999999999915,2,88.44,-3.780000000000001,2,87.6,-5.839999999999989,5+,3-4,<=0,<-2,2+,2,<0
2025_04,3720250401030007,2,5,1,90.95,90.0,2,4,0.9500000000000028,3,90.14,-0.14000000000000057,1,92.58,-1.6299999999999955,1-2,3-4,0-2,-2-0,1,3+,<0
2025_04,4220250401010002,5,1,0,84.57,87.2,5,1,-2.6300000000000097,2,85.21,1.990000000000009,0,86.0,-1.4300000000000068,5+,1-2,<=0,0-2,0,2,<0
2025_04,4420250421020006,7,3,1,82.16,86.85,2,1,-4.689999999999998,2,80.18,6.6699999999999875,0,80.27,1.8900000000000006,1-2,1-2,<=0,2+,0,2,0-2
2025_04,5320250428010006,1,2,0,88.62,87.81,1,2,0.8100000000000023,2,86.44,1.3700000000000045,0,86.43,2.1899999999999977,1-2,1-2,0-2,0-2,0,2,2-4
2025_04,5620250401010001,7,4,0,86.71,85.58,1,4,1.1299999999999955,3,84.2,1.3799999999999955,0,86.09,0.6199999999999903,1-2,3-4,0-2,0-2,0,3+,0-2
2025_04,5620250401030001,5,3,0,80.26,85.58,4,1,-5.319999999999993,2,84.2,1.3799999999999955,0,81.0,-0.7399999999999949,3-4,1-2,<=0,0-2,0,2,<0
2025_04,5620250401030002,4,1,1,82.79,79.79,3,6,3.0,2,80.04,-0.25,1,85.18,-2.3900000000000006,3-4,5+,2-4,-2-0,1,2,<0
2025_04,6120250429020003,2,5,0,88.26,84.89,2,4,3.3700000000000045,2,91.92,-7.030000000000001,1,85.95,2.3100000000000023,1-2,3-4,2-4,<-2,1,2,2-4
2025_04,7120250430010002,3,5,0,83.59,87.88,5,1,-4.289999999999992,3,84.58,3.299999999999997,0,87.55,-3.9599999999999937,5+,1-2,<=0,2+,0,3+,<0
2025_04,8620250425020006,5,3,1,89.87,91.29,5,3,-1.4200000000000017,2,91.37,-0.0799999999999983,1,91.5,-1.6299999999999955,5+,3-4,<=0,-2-0,1,2,<0
2025_04,8720250421010005,2,5,0,95.31,94.09,1,2,1.2199999999999989,2,90.4,3.6899999999999977,0,93.73,1.5799999999999983,1-2,1-2,0-2,2+,0,2,0-2
2025_05,1120250526010008,1,2,0,90.28,88.8,1,2,1.480000000000004,2,84.56,4.239999999999995,0,84.74,5.540000000000006,1-2,1-2,0-2,2+,0,2,4+
2025_05,1120250526020003,4,3,0,81.85,82.38,4,3,-0.5300000000000011,3,84.43,-2.0500000000000114,1,82.51,-0.6600000000000108,3-4,3-4,<=0,<-2,1,3+,<0
2025_05,1120250526020006,3,4,1,84.05,83.92,3,4,0.12999999999999545,2,85.51,-1.5900000000000034,1,84.38,-0.3299999999999983,3-4,3-4,0-2,-2-0,1,2,<0
2025_05,1120250526030004,3,5,1,82.63,81.83,3,5,0.7999999999999972,3,87.22,-5.390000000000001,2,84.43,-1.8000000000000114,3-4,5+,0-2,<-2,2+,3+,<0
2025_05,1120250526030007,1,2,1,90.33,88.8,1,2,1.5300000000000011,3,85.38,3.4200000000000017,0,85.48,4.849999999999994,1-2,1-2,0-2,2+,0,3+,4+
2025_05,1220250531010001,7,3,1,81.22,79.9,5,6,1.3199999999999932,2,85.61,-5.709999999999994,2,86.45,-5.230000000000004,5+,5+,0-2,<-2,2+,2,<0
2025_05,1220250531010005,4,1,0,89.0,85.66,1,2,3.3400000000000034,3,81.66,4.0,0,83.95,5.049999999999997,1-2,1-2,2-4,2+,0,3+,4+
2025_05,2120250501010006,5,3,1,87.42,83.65,1,6,3.769999999999996,2,86.8,-3.1499999999999915,2,85.04,2.3799999999999955,1-2,5+,2-4,<-2,2+,2,2-4
2025_05,2120250501010008,3,1,1,88.95,87.66,1,2,1.2900000000000063,4,87.29,0.36999999999999034,0,80.37,8.579999999999998,1-2,1-2,0-2,0-2,0,3+,4+
2025_05,2120250501030009,1,5,1,93.14,85.04,1,6,8.099999999999994,3,85.26,-0.21999999999999886,1,88.95,4.189999999999998,1-2,5+,4+,-2-0,1,3+,4+
2025_05,2120250527010005,1,7,1,92.14,91.75,2,5,0.39000000000000057,2,91.92,-0.1700000000000017,1,92.38,-0.23999999999999488,1-2,5+,0-2,-2-0,1,2,<0
2025_05,2420250501030001,4,3,0,82.95,83.34,4,3,-0.39000000000000057,2,84.44,-1.0999999999999943,1,86.47,-3.519999999999996,3-4,3-4,<=0,-2-0,1,2,<0
2025_05,2720250524030002,5,1,0,87.57,85.23,1,3,2.339999999999989,3,82.39,2.8400000000000034,0,86.88,0.6899999999999977,1-2,3-4,2-4,2+,0,3+,0-2
2025_05,2720250524030004,5,2,1,93.14,85.83,1,3,7.310000000000002,3,92.44,-6.609999999999999,1,84.06,9.079999999999998,1-2,3-4,4+,<-2,1,3+,4+
2025_05,3420250529010007,1,2,0,88.0,87.17,1,2,0.8299999999999983,2,86.03,1.1400000000000006,0,81.47,6.530000000000001,1-2,1-2,0-2,0-2,0,2,4+
2025_05,3720250523010001,7,3,1,87.03,89.12,3,2,-2.0900000000000034,3,90.33,-1.2099999999999937,1,84.31,2.719999999999999,3-4,1-2,<=0,-2-0,1,3+,2-4
2025_05,3720250523010003,4,1,0,90.33,87.23,1,2,3.0999999999999943,3,80.0,7.230000000000004,0,80.17,10.159999999999997,1-2,1-2,2-4,2+,0,3+,4+
2025_05,3720250523030004,7,2,0,87.92,85.87,4,5,2.049999999999997,2,90.6,-4.72999999999999,1,90.0,-2.0799999999999983,3-4,5+,2-4,<-2,1,2,<0
2025_05,3720250523030006,1,5,0,87.03,93.03,5,1,-6.0,2,90.33,2.700000000000003,0,87.08,-0.04999999999999716,5+,1-2,<=0,2+,0,2,<0
2025_05,3720250527010001,3,7,0,88.54,88.22,1,2,0.3200000000000074,3,85.8,2.4200000000000017,0,84.08,4.460000000000008,1-2,1-2,0-2,2+,0,3+,4+
2025_05,3720250527010005,5,7,1,92.14,92.0,2,3,0.14000000000000057,3,93.29,-1.2900000000000063,1,90.3,1.8400000000000034,1-2,3-4,0-2,-2-0,1,3+,0-2
2025_05,3720250527020005,4,3,1,92.14,85.8,1,5,6.340000000000003,2,91.48,-5.680000000000007,1,88.95,3.1899999999999977,1-2,5+,4+,<-2,1,2,2-4
2025_05,3720250527030002,5,2,1,84.09,82.42,2,3,1.6700000000000017,2,85.56,-3.1400000000000006,1,79.16,4.930000000000007,1-2,3-4,0-2,<-2,1,2,4+
2025_05,4420250520010004,4,1,1,85.14,84.29,3,4,0.8499999999999943,2,86.62,-2.3299999999999983,1,92.42,-7.280000000000001,3-4,3-4,0-2,<-2,1,2,<0
2025_05,4420250520020001,4,3,0,84.55,85.92,3,1,-1.3700000000000045,3,80.88,5.040000000000006,0,85.37,-0.8200000000000074,3-4,1-2,<=0,2+,0,3+,<0
2025_05,4420250520020004,4,1,1,84.26,85.51,5,4,-1.25,2,92.42,-6.909999999999997,2,93.92,-9.659999999999997,5+,3-4,<=0,<-2,2+,2,<0
2025_05,4520250528020001,4,2,1,88.29,81.05,1,6,7.240000000000009,2,81.13,-0.0799999999999983,1,87.13,1.1600000000000108,1-2,5+,4+,-2-0,1,2,0-2
2025_05,4520250528020003,1,7,0,88.64,86.9,3,5,1.7399999999999949,3,91.34,-4.439999999999998,1,90.95,-2.3100000000000023,3-4,5+,0-2,<-2,1,3+,<0
2025_05,4820250523010001,5,2,0,81.41,87.73,6,2,-6.320000000000007,2,87.82,-0.0899999999999892,1,83.07,-1.6599999999999966,5+,1-2,<=0,-2-0,1,2,<0
2025_05,4820250523010002,1,7,0,88.45,86.76,2,3,1.6899999999999977,3,85.44,1.3200000000000074,0,88.58,-0.12999999999999545,1-2,3-4,0-2,0-2,0,3+,<0
2025_05,5120250502030011,7,3,1,90.7,89.85,5,6,0.8500000000000085,2,93.0,-3.1500000000000057,2,91.21,-0.5099999999999909,5+,5+,0-2,<-2,2+,2,<0
2025_05,5120250527020005,5,2,1,92.62,86.64,1,5,5.980000000000004,2,90.92,-4.280000000000001,2,87.87,4.75,1-2,5+,4+,<-2,2+,2,4+
2025_05,5120250527030002,5,1,0,83.44,86.4,3,1,-2.960000000000008,2,81.8,4.6000000000000085,0,83.59,-0.15000000000000568,3-4,1-2,<=0,2+,0,2,<0
2025_05,5320250523010001,4,1,1,85.88,83.41,2,3,2.469999999999999,3,87.44,-4.030000000000001,1,83.07,2.8100000000000023,1-2,3-4,2-4,<-2,1,3+,2-4
2025_05,5320250523020002,6,3,1,80.26,84.04,7,1,-3.780000000000001,2,82.76,1.2800000000000011,0,83.11,-2.8499999999999943,5+,1-2,<=0,0-2,0,2,<0
2025_05,5320250530010007,7,1,1,87.03,84.0,2,3,3.030000000000001,4,88.85,-4.849999999999994,1,82.33,4.700000000000003,1-2,3-4,2-4,<-2,1,3+,4+
2025_05,5620250518010001,2,4,1,85.92,88.22,4,2,-2.299999999999997,3,86.2,2.019999999999996,0,90.57,-4.6499999999999915,3-4,1-2,<=0,2+,0,3+,<0
2025_05,5620250518020003,1,5,0,92.0,90.36,2,3,1.6400000000000006,2,92.13,-1.769999999999996,1,88.95,3.049999999999997,1-2,3-4,0-2,-2-0,1,2,2-4
2025_05,6120250518020001,5,1,1,87.45,84.23,1,2,3.219999999999999,3,83.9,0.3299999999999983,0,81.73,5.719999999999999,1-2,1-2,2-4,0-2,0,3+,4+
2025_05,6120250518020004,1,4,0,88.04,93.57,3,1,-5.529999999999987,2,87.94,5.6299999999999955,0,91.75,-3.7099999999999937,3-4,1-2,<=0,2+,0,2,<0
2025_05,6120250523030001,3,1,0,84.73,87.65,3,1,-2.9200000000000017,3,81.59,6.060000000000002,0,86.29,-1.5600000000000023,3-4,1-2,<=0,2+,0,3+,<0
2025_05,6120250529010007,1,3,0,88.77,85.22,1,3,3.549999999999997,4,83.29,1.9299999999999926,0,85.42,3.3499999999999943,1-2,3-4,2-4,0-2,0,3+,2-4
2025_05,6120250529010009,1,2,0,95.77,95.1,1,2,0.6700000000000017,3,94.4,0.6999999999999886,0,92.76,3.009999999999991,1-2,1-2,0-2,0-2,0,3+,2-4
2025_05,6120250529020007,2,4,1,91.25,88.66,2,4,2.5900000000000034,2,88.77,-0.10999999999999943,1,95.1,-3.8499999999999943,1-2,3-4,2-4,-2-0,1,2,<0
2025_05,6120250529020009,1,2,0,95.77,94.4,1,2,1.3699999999999903,3,91.12,3.280000000000001,0,90.19,5.579999999999998,1-2,1-2,0-2,2+,0,3+,4+
2025_05,6120250529030007,1,3,1,91.7,87.85,1,3,3.8500000000000085,4,86.44,1.4099999999999966,0,88.66,3.0400000000000063,1-2,3-4,2-4,0-2,0,3+,2-4
2025_05,7120250521010001,2,4,0,87.66,84.44,1,4,3.219999999999999,2,85.42,-0.980000000000004,1,85.54,2.1199999999999903,1-2,3-4,2-4,-2-0,1,2,2-4
2025_05,7120250521010005,4,5,1,90.71,90.72,5,4,-0.010000000000005116,2,91.42,-0.7000000000000028,1,94.27,-3.5600000000000023,5+,3-4,<=0,-2-0,1,2,<0
2025_05,7120250529010001,5,3,0,86.19,89.2,3,1,-3.010000000000005,2,87.16,2.0400000000000063,0,83.07,3.1200000000000045,3-4,1-2,<=0,2+,0,2,2-4
2025_05,7120250529010003,5,2,0,87.6,87.61,2,1,-0.010000000000005116,3,81.1,6.510000000000005,0,85.0,2.5999999999999943,1-2,1-2,<=0,2+,0,3+,2-4
2025_05,7120250529020001,4,1,1,85.0,81.71,1,5,3.2900000000000063,3,82.65,-0.9400000000000119,2,83.77,1.230000000000004,1-2,5+,2-4,-2-0,2+,3+,0-2
2025_05,7120250529030002,4,1,1,87.6,80.2,1,6,7.3999999999999915,2,83.07,-2.8699999999999903,2,83.91,3.6899999999999977,1-2,5+,4+,<-2,2+,2,2-4
2025_05,8120250526010009,5,2,0,88.59,87.0,1,3,1.5900000000000034,3,86.25,0.75,0,87.4,1.1899999999999977,1-2,3-4,0-2,0-2,0,3+,0-2
2025_05,8520250501010002,5,2,0,85.17,84.35,3,4,0.8200000000000074,3,80.33,4.019999999999996,0,87.5,-2.3299999999999983,3-4,3-4,0-2,2+,0,3+,<0
2025_05,8520250501010004,4,3,0,88.12,89.33,2,1,-1.2099999999999937,3,82.45,6.8799999999999955,0,79.94,8.180000000000007,1-2,1-2,<=0,2+,0,3+,4+
2025_05,8520250501010005,4,3,0,90.33,84.94,1,3,5.390000000000001,3,87.18,-2.240000000000009,1,83.84,6.489999999999995,1-2,3-4,4+,<-2,1,3+,4+
2025_05,8520250501020001,2,6,1,79.65,76.5,5,7,3.1500000000000057,2,82.47,-5.969999999999999,1,80.73,-1.0799999999999983,5+,5+,2-4,<-2,1,2,<0
2025_05,8720250526030006,1,3,0,93.34,86.81,1,3,6.530000000000001,3,84.55,2.260000000000005,0,84.9,8.439999999999998,1-2,3-4,4+,2+,0,3+,4+
2025_06,1120250607020006,6,1,1,80.47,83.0,6,1,-2.530000000000001,3,82.3,0.7000000000000028,0,81.76,-1.2900000000000063,5+,1-2,<=0,0-2,0,3+,<0
2025_06,1320250619010004,2,4,1,87.81,84.04,2,4,3.769999999999996,2,87.87,-3.8299999999999983,1,86.51,1.2999999999999972,1-2,3-4,2-4,<-2,1,2,0-2
2025_06,1320250619020005,6,5,0,81.51,82.73,6,5,-1.2199999999999989,2,86.51,-3.780000000000001,2,85.85,-4.339999999999989,5+,5+,<=0,<-2,2+,2,<0
2025_06,1320250619030005,3,4,0,87.81,86.85,3,4,0.960000000000008,3,92.29,-5.440000000000012,1,89.04,-1.230000000000004,3-4,3-4,0-2,<-2,1,3+,<0
2025_06,1320250619030007,5,2,0,84.37,88.0,5,2,-3.6299999999999955,2,87.36,0.6400000000000006,0,92.28,-7.909999999999997,5+,1-2,<=0,0-2,0,2,<0
2025_06,2120250610010004,3,4,1,85.19,84.25,3,4,0.9399999999999977,2,89.52,-5.269999999999996,1,87.79,-2.6000000000000085,3-4,3-4,0-2,<-2,1,2,<0
2025_06,2120250610020005,2,4,1,85.03,83.2,2,4,1.8299999999999983,3,85.66,-2.4599999999999937,1,84.25,0.7800000000000011,1-2,3-4,0-2,<-2,1,3+,0-2
2025_06,2120250610020009,2,4,1,91.23,89.05,2,4,2.180000000000007,3,88.94,0.10999999999999943,0,93.96,-2.7299999999999898,1-2,3-4,2-4,0-2,0,3+,<0
2025_06,2120250618020009,7,1,1,88.66,86.28,3,6,2.3799999999999955,3,87.37,-1.0900000000000034,1,93.18,-4.52000000000001,3-4,5+,2-4,-2-0,1,3+,<0
2025_06,2120250618030008,7,2,1,83.06,84.66,6,4,-1.5999999999999943,3,83.33,1.3299999999999983,0,90.8,-7.739999999999995,5+,3-4,<=0,0-2,0,3+,<0
2025_06,2120250618030011,2,3,1,93.18,88.66,2,6,4.52000000000001,3,88.18,0.47999999999998977,0,90.74,2.440000000000012,1-2,5+,4+,0-2,0,3+,2-4
2025_06,2420250619010008,1,3,0,90.3,84.68,1,3,5.61999999999999,3,86.85,-2.1699999999999875,1,83.57,6.730000000000004,1-2,3-4,4+,<-2,1,3+,4+
2025_06,2420250619020005,3,1,1,84.79,85.92,3,1,-1.1299999999999955,2,85.81,0.10999999999999943,0,83.66,1.1300000000000097,3-4,1-2,<=0,0-2,0,2,0-2
2025_06,2420250619030007,2,1,0,90.3,90.81,2,1,-0.5100000000000051,3,86.85,3.960000000000008,0,86.37,3.9299999999999926,1-2,1-2,<=0,2+,0,3+,2-4
2025_06,2720250609010009,6,3,1,81.42,82.91,7,4,-1.4899999999999949,2,88.9,-5.990000000000009,2,86.88,-5.459999999999994,5+,3-4,<=0,<-2,2+,2,<0
2025_06,2720250609030009,5,2,0,88.9,90.61,2,1,-1.7099999999999937,2,87.94,2.6700000000000017,0,85.14,3.760000000000005,1-2,1-2,<=0,2+,0,2,2-4
2025_06,3120250601010005,1,3,1,89.79,86.2,1,3,3.5900000000000034,3,85.04,1.1599999999999966,0,87.66,2.1300000000000097,1-2,3-4,2-4,0-2,0,3+,2-4
2025_06,3120250616020002,7,3,0,83.95,85.47,5,2,-1.519999999999996,2,84.26,1.2099999999999937,0,87.61,-3.6599999999999966,5+,1-2,<=0,0-2,0,2,<0
2025_06,3120250616020003,2,5,0,91.0,88.29,1,4,2.7099999999999937,2,89.09,-0.7999999999999972,1,90.55,0.45000000000000284,1-2,3-4,2-4,-2-0,1,2,0-2
2025_06,3120250616030003,2,5,0,88.91,90.88,2,1,-1.9699999999999989,2,83.0,7.8799999999999955,0,85.47,3.4399999999999977,1-2,1-2,<=0,2+,0,2,2-4
2025_06,3420250607020008,6,4,1,83.52,90.15,6,4,-6.63000000000001,2,92.23,-2.0799999999999983,1,92.37,-8.850000000000009,5+,3-4,<=0,<-2,1,2,<0
2025_06,3420250607030009,6,3,1,83.52,92.45,6,3,-8.930000000000007,2,92.37,0.0799999999999983,0,94.0,-10.480000000000004,5+,3-4,<=0,0-2,0,2,<0
2025_06,3520250612020011,4,3,1,93.0,87.35,1,4,5.650000000000006,3,86.48,0.8699999999999903,0,90.85,2.1500000000000057,1-2,3-4,4+,0-2,0,3+,2-4
2025_06,3520250612030008,3,4,1,93.16,83.9,1,5,9.259999999999991,2,86.48,-2.5799999999999983,1,90.85,2.3100000000000023,1-2,5+,4+,<-2,1,2,2-4
2025_06,3720250608010001,7,1,0,87.37,85.34,1,3,2.030000000000001,3,82.66,2.680000000000007,0,86.66,0.710000000000008,1-2,3-4,2-4,2+,0,3+,0-2
2025_06,3720250608010004,2,6,0,81.84,80.66,6,7,1.1800000000000068,2,89.76,-9.100000000000009,2,87.04,-5.200000000000003,5+,5+,0-2,<-2,2+,2,<0
2025_06,3720250608020002,3,5,0,88.81,87.04,1,2,1.769999999999996,4,81.47,5.570000000000007,0,83.5,5.310000000000002,1-2,1-2,0-2,2+,0,3+,4+
2025_06,3720250613010007,3,1,0,86.41,88.66,3,1,-2.25,3,86.95,1.7099999999999937,0,83.86,2.549999999999997,3-4,1-2,<=0,0-2,0,3+,2-4
2025_06,3720250613010009,2,4,0,93.61,92.41,2,4,1.2000000000000028,2,93.25,-0.8400000000000034,1,94.0,-0.39000000000000057,1-2,3-4,0-2,-2-0,1,2,<0
2025_06,3720250613020008,1,4,0,93.61,87.6,1,4,6.010000000000005,3,93.25,-5.650000000000006,2,86.41,7.200000000000003,1-2,3-4,4+,<-2,2+,3+,4+
2025_06,3720250613030009,2,4,1,93.61,92.19,2,4,1.4200000000000017,2,92.41,-0.21999999999999886,1,94.0,-0.39000000000000057,1-2,3-4,0-2,-2-0,1,2,<0
2025_06,3820250616020011,1,5,1,87.95,89.83,5,4,-1.8799999999999955,2,83.63,6.200000000000003,0,92.63,-4.679999999999993,5+,3-4,<=0,2+,0,2,<0
2025_06,4320250609020008,4,5,1,80.9,80.72,5,6,0.18000000000000682,4,84.04,-3.3200000000000074,1,81.16,-0.2599999999999909,5+,5+,0-2,<-2,1,3+,<0
2025_06,4320250609030008,2,7,1,87.34,84.33,3,5,3.010000000000005,3,83.59,0.7399999999999949,0,88.83,-1.4899999999999949,3-4,5+,2-4,0-2,0,3+,<0
2025_06,4420250606010001,1,6,1,84.0,81.07,4,7,2.930000000000007,3,88.8,-7.730000000000004,2,87.75,-3.75,3-4,5+,2-4,<-2,2+,3+,<0
2025_06,4620250619010008,7,1,0,89.45,90.3,2,1,-0.8499999999999943,3,83.42,6.8799999999999955,0,84.6,4.8500000000000085,1-2,1-2,<=0,2+,0,3+,4+
2025_06,5120250612010009,3,7,1,88.11,88.42,2,1,-0.3100000000000023,3,83.5,4.920000000000002,0,83.72,4.390000000000001,1-2,1-2,<=0,2+,0,3+,4+
2025_06,5120250612010010,3,6,1,80.21,77.16,6,7,3.049999999999997,2,85.18,-8.02000000000001,2,90.0,-9.790000000000006,5+,5+,2-4,<-2,2+,2,<0
2025_06,5320250609020002,5,1,0,84.37,88.57,3,1,-4.199999999999989,3,81.28,7.289999999999992,0,87.37,-3.0,3-4,1-2,<=0,2+,0,3+,<0
2025_06,5320250614010001,5,3,0,79.75,87.25,6,2,-7.5,3,85.17,2.0799999999999983,0,89.05,-9.299999999999997,5+,1-2,<=0,2+,0,3+,<0
2025_06,5320250614030007,4,2,1,91.4,92.72,4,2,-1.3199999999999932,3,95.5,-2.780000000000001,1,91.96,-0.5599999999999881,3-4,1-2,<=0,<-2,1,3+,<0
2025_06,6120250610010004,2,7,0,90.33,87.0,1,2,3.3299999999999983,2,84.37,2.6299999999999955,0,83.96,6.3700000000000045,1-2,1-2,2-4,2+,0,2,4+
2025_06,8120250610020006,1,4,1,87.83,81.5,1,4,6.329999999999998,3,85.1,-3.5999999999999943,1,86.11,1.7199999999999989,1-2,3-4,4+,<-2,1,3+,0-2
2025_06,8120250610020007,2,1,1,90.33,90.69,2,1,-0.35999999999999943,3,86.04,4.6499999999999915,0,89.66,0.6700000000000017,1-2,1-2,<=0,2+,0,3+,0-2
2025_06,8120250618020001,6,3,0,77.85,83.1,7,3,-5.25,2,83.16,-0.060000000000002274,1,86.52,-8.670000000000002,5+,3-4,<=0,-2-0,1,2,<0
2025_06,8320250602020006,5,2,1,87.52,81.59,1,3,5.929999999999993,3,80.79,0.7999999999999972,0,80.16,7.359999999999999,1-2,3-4,4+,0-2,0,3+,4+
2025_06,8320250602030006,5,2,1,81.51,81.34,3,4,0.1700000000000017,3,79.76,1.5799999999999983,0,84.41,-2.8999999999999915,3-4,3-4,0-2,0-2,0,3+,<0
2025_06,8520250617010001,7,1,1,78.66,81.7,6,5,-3.0400000000000063,2,89.7,-8.0,2,87.57,-8.909999999999997,5+,5+,<=0,<-2,2+,2,<0
2025_06,8520250617010005,4,1,0,84.57,83.29,4,5,1.279999999999987,2,81.0,2.2900000000000063,0,91.84,-7.27000000000001,3-4,5+,0-2,2+,0,2,<0
2025_06,8520250617020001,7,1,1,80.88,84.23,4,1,-3.3500000000000085,2,81.7,2.530000000000001,0,83.23,-2.3500000000000085,3-4,1-2,<=0,2+,0,2,<0
2025_06,8520250617030001,5,2,1,81.0,77.84,3,6,3.1599999999999966,2,80.07,-2.2299999999999898,2,84.57,-3.569999999999993,3-4,5+,2-4,<-2,2+,2,<0
2025_06,8720250612010004,1,7,0,88.03,87.88,1,2,0.15000000000000568,2,84.95,2.9299999999999926,0,84.53,3.5,1-2,1-2,0-2,2+,0,2,2-4
2025_06,8720250612030007,7,5,1,91.61,90.85,2,4,0.7600000000000051,3,91.58,-0.730000000000004,1,87.88,3.730000000000004,1-2,3-4,0-2,-2-0,1,3+,2-4
2025_07,1120250701020002,4,3,1,83.0,83.09,4,3,-0.09000000000000341,2,84.33,-1.2399999999999949,2,80.0,3.0,3-4,3-4,<=0,-2-0,2+,2,2-4
2025_07,1120250701020007,1,5,1,101.47,87.19,1,5,14.280000000000001,3,92.7,-5.510000000000005,2,89.55,11.920000000000002,1-2,5+,4+,<-2,2+,3+,4+
2025_07,1120250701030002,5,2,0,77.41,82.88,5,2,-5.469999999999999,2,81.33,1.5499999999999972,0,83.09,-5.680000000000007,5+,1-2,<=0,0-2,0,2,<0
2025_07,1120250708010009,5,2,1,87.2,84.73,3,4,2.469999999999999,2,89.95,-5.219999999999999,1,87.38,-0.1799999999999926,3-4,3-4,2-4,<-2,1,2,<0
2025_07,1320250704020002,3,1,0,88.29,81.52,1,4,6.77000000000001,3,86.27,-4.75,1,73.11,15.180000000000007,1-2,3-4,4+,<-2,1,3+,4+
2025_07,1320250704030002,7,2,1,81.52,81.33,5,6,0.18999999999999773,3,82.95,-1.6200000000000045,1,85.9,-4.38000000000001,5+,5+,0-2,-2-0,1,3+,<0
2025_07,2220250702010009,7,2,0,83.5,83.92,6,5,-0.4200000000000017,2,86.0,-2.0799999999999983,2,88.75,-5.25,5+,5+,<=0,<-2,2+,2,<0
2025_07,2220250702030007,1,5,0,83.5,86.0,5,3,-2.5,3,82.37,3.6299999999999955,0,90.37,-6.8700000000000045,5+,3-4,<=0,2+,0,3+,<0
2025_07,2420250707020003,7,3,0,101.25,87.92,1,3,13.329999999999998,3,87.35,0.5700000000000074,0,80.54,20.709999999999994,1-2,3-4,4+,0-2,0,3+,4+
2025_07,2820250702010002,7,1,0,86.37,82.2,3,6,4.170000000000002,2,88.33,-6.1299999999999955,2,90.08,-3.7099999999999937,3-4,5+,4+,<-2,2+,2,<0
2025_07,2820250702030004,2,6,1,90.6,81.81,2,7,8.789999999999992,2,92.57,-10.759999999999991,2,88.33,2.269999999999996,1-2,5+,4+,<-2,2+,2,2-4
2025_07,3120250707010003,1,4,0,90.85,84.79,1,3,6.059999999999988,3,87.47,-2.6799999999999926,1,83.83,7.019999999999996,1-2,3-4,4+,<-2,1,3+,4+
2025_07,3420250707010006,2,1,0,90.94,91.0,2,1,-0.060000000000002274,4,84.42,6.579999999999998,0,82.77,8.170000000000002,1-2,1-2,<=0,2+,0,3+,4+
2025_07,3420250707020007,3,4,1,91.5,91.0,3,4,0.5,2,98.6,-7.599999999999994,1,92.2,-0.7000000000000028,3-4,3-4,0-2,<-2,1,2,<0
2025_07,3820250704010004,5,4,0,83.66,83.83,5,4,-0.1700000000000017,2,85.63,-1.7999999999999972,1,85.62,-1.960000000000008,5+,3-4,<=0,-2-0,1,2,<0
2025_07,3820250704020007,2,1,0,90.25,95.06,2,1,-4.810000000000002,3,88.45,6.609999999999999,0,82.5,7.75,1-2,1-2,<=0,2+,0,3+,4+
2025_07,4220250710020008,1,3,0,96.31,90.76,1,3,5.549999999999997,3,87.16,3.6000000000000085,0,93.14,3.1700000000000017,1-2,3-4,4+,2+,0,3+,2-4
2025_07,6120250710020007,2,1,1,90.72,93.66,2,1,-2.9399999999999977,3,88.87,4.789999999999992,0,85.5,5.219999999999999,1-2,1-2,<=0,2+,0,3+,4+
2025_07,7420250707010004,2,1,0,88.03,89.25,2,1,-1.2199999999999989,3,86.7,2.549999999999997,0,83.59,4.439999999999998,1-2,1-2,<=0,2+,0,3+,4+
2025_07,7420250707010008,1,2,0,92.83,89.47,1,2,3.3599999999999994,2,85.08,4.390000000000001,0,82.87,9.959999999999994,1-2,1-2,2-4,2+,0,2,4+
2025_07,8420250704020002,3,4,1,83.75,81.77,3,4,1.980000000000004,3,86.6,-4.829999999999998,1,85.81,-2.0600000000000023,3-4,3-4,0-2,<-2,1,3+,<0
2025_07,8420250704030006,1,2,0,93.6,89.85,1,2,3.75,3,86.5,3.3499999999999943,0,84.0,9.599999999999994,1-2,1-2,2-4,2+,0,3+,4+
2025_07,8520250709010003,2,7,1,84.33,81.25,3,4,3.0799999999999983,2,89.77,-8.519999999999996,1,88.58,-4.25,3-4,3-4,2-4,<-2,1,2,<0
2025_07,8620250704010004,4,3,0,90.63,85.4,1,3,5.22999999999999,3,70.2,15.200000000000003,0,89.59,1.039999999999992,1-2,3-4,4+,2+,0,3+,0-2
2025_07,8620250704030002,2,6,1,90.63,72.16,1,7,18.47,2,83.11,-10.950000000000003,2,84.28,6.349999999999994,1-2,5+,4+,<-2,2+,2,4+
2025_08,3520250802020007,1,4,0,82.0,85.71,4,3,-3.7099999999999937,3,,,0,88.29,-6.290000000000006,3-4,3-4,<=0,,0,3+,<0
2025_08,7420250803020002,4,3,0,84.96,78.59,1,5,6.36999999999999,3,84.11,-5.519999999999996,2,80.95,4.009999999999991,1-2,5+,4+,<-2,2+,3+,4+
2025_08,7420250803030011,5,3,1,101.31,90.66,1,4,10.650000000000006,2,92.38,-1.7199999999999989,1,94.7,6.609999999999999,1-2,3-4,4+,-2-0,1,2,4+
2025_08,8320250801030002,4,1,1,88.12,81.62,1,2,6.5,4,79.38,2.240000000000009,0,78.33,9.790000000000006,1-2,1-2,4+,2+,0,3+,4+
2025_09,1220250901010001,1,5,0,86.83,81.44,1,5,5.390000000000001,2,85.92,-4.480000000000004,1,84.79,2.039999999999992,1-2,5+,4+,<-2,1,2,2-4
2025_09,1220250901020002,2,7,0,84.59,83.34,2,3,1.25,2,82.77,0.5700000000000074,0,84.62,-0.030000000000001137,1-2,3-4,0-2,0-2,0,2,<0
2025_09,1220250901030003,7,3,1,84.59,84.62,6,5,-0.030000000000001137,2,92.56,-7.939999999999998,2,90.07,-5.47999999999999,5+,5+,<=0,<-2,2+,2,<0
2025_09,1220250901030011,7,1,1,97.8,90.08,1,5,7.719999999999999,3,90.38,-0.29999999999999716,1,90.5,7.299999999999997,1-2,5+,4+,-2-0,1,3+,4+
2025_09,2220250901020009,1,5,0,91.05,87.08,1,5,3.969999999999999,2,88.46,-1.3799999999999955,1,88.44,2.6099999999999994,1-2,5+,2-4,-2-0,1,2,2-4
2025_09,5120250901010004,5,3,0,87.66,84.59,2,4,3.069999999999993,2,89.6,-5.009999999999991,1,86.63,1.0300000000000011,1-2,3-4,2-4,<-2,1,2,0-2
2025_09,5120250901020007,4,1,0,99.9,94.6,1,2,5.300000000000011,3,88.37,6.22999999999999,0,91.6,8.300000000000011,1-2,1-2,4+,2+,0,3+,4+
2025_09,8420250901020001,5,2,1,80.18,83.7,5,2,-3.519999999999996,3,81.05,2.6500000000000057,0,88.38,-8.199999999999989,5+,1-2,<=0,2+,0,3+,<0
2025_10,4620251001010007,1,5,0,80.26,82.25,6,5,-1.9899999999999949,2,88.94,-6.689999999999998,2,88.81,-8.549999999999997,5+,5+,<=0,<-2,2+,2,<0
2025_10,4620251001020007,1,5,0,84.68,81.93,2,4,2.75,2,88.94,-7.009999999999991,1,82.0,2.680000000000007,1-2,3-4,2-4,<-2,1,2,2-4
2025_10,6120251001010002,5,2,0,86.62,88.03,3,2,-1.4099999999999966,2,84.61,3.4200000000000017,0,88.37,-1.75,3-4,1-2,<=0,2+,0,2,<0
2025_10,6120251001010005,7,3,0,95.38,93.16,1,2,2.219999999999999,3,91.85,1.3100000000000023,0,92.16,3.219999999999999,1-2,1-2,2-4,0-2,0,3+,2-4
2025_10,6120251001030010,3,5,1,95.38,91.85,1,3,3.530000000000001,4,91.61,0.23999999999999488,0,93.16,2.219999999999999,1-2,3-4,2-4,0-2,0,3+,2-4
2025_10,8320251001020011,4,2,0,92.79,89.26,2,3,3.530000000000001,2,89.04,0.21999999999999886,0,93.45,-0.6599999999999966,1-2,3-4,2-4,0-2,0,2,<0
2025_10,8420251002020001,1,5,0,82.09,82.16,5,4,-0.06999999999999318,2,85.61,-3.450000000000003,1,84.7,-2.6099999999999994,5+,3-4,<=0,<-2,1,2,<0
2025_11,1220251103010007,1,4,0,92.53,91.71,1,3,0.8200000000000074,2,92.33,-0.6200000000000045,1,91.47,1.0600000000000023,1-2,3-4,0-2,-2-0,1,2,0-2
2025_11,2720251104010011,2,5,0,90.25,92.95,5,2,-2.700000000000003,2,91.3,1.6500000000000057,0,94.84,-4.590000000000003,5+,1-2,<=0,0-2,0,2,<0
2025_11,2720251104020011,2,5,0,90.25,91.3,3,2,-1.0499999999999972,2,81.09,10.209999999999994,0,93.2,-2.950000000000003,3-4,1-2,<=0,2+,0,2,<0
2025_11,2720251104030009,1,7,0,85.14,93.2,5,1,-8.060000000000002,2,86.5,6.700000000000003,0,90.0,-4.859999999999999,5+,1-2,<=0,2+,0,2,<0
2025_11,3520251101010005,5,1,1,95.83,91.47,1,5,4.359999999999999,2,94.28,-2.8100000000000023,2,91.65,4.179999999999993,1-2,5+,4+,<-2,2+,2,4+
2025_11,3520251101020003,2,7,1,95.83,87.84,1,3,7.989999999999995,2,83.37,4.469999999999999,0,93.56,2.269999999999996,1-2,3-4,4+,2+,0,2,2-4
2025_11,3520251101030001,3,1,1,81.86,85.12,5,1,-3.260000000000005,3,82.14,2.980000000000004,0,84.22,-2.3599999999999994,5+,1-2,<=0,2+,0,3+,<0
2025_11,5620251101030007,5,3,1,81.94,78.48,2,4,3.4599999999999937,2,83.73,-5.25,1,81.33,0.6099999999999994,1-2,3-4,2-4,<-2,1,2,0-2
2025_12,3120251202030003,1,5,1,87.21,85.4,2,5,1.809999999999988,3,90.04,-4.640000000000001,2,87.03,0.1799999999999926,1-2,5+,0-2,<-2,2+,3+,0-2
2025_12,3520251202010011,5,1,1,91.94,91.95,6,5,-0.010000000000005116,2,93.7,-1.75,2,95.33,-3.3900000000000006,5+,5+,<=0,-2-0,2+,2,<0
2025_12,3520251202020011,4,3,0,95.33,91.95,1,2,3.3799999999999955,3,89.57,2.3800000000000097,0,87.85,7.480000000000004,1-2,1-2,2-4,2+,0,3+,4+
2025_12,4220251201010001,3,7,1,87.38,85.94,1,2,1.4399999999999977,3,84.37,1.5699999999999932,0,82.19,5.189999999999998,1-2,1-2,0-2,0-2,0,3+,4+
2025_12,5620251203020007,2,1,0,91.9,93.25,2,1,-1.3499999999999943,4,89.58,3.6700000000000017,0,87.7,4.200000000000003,1-2,1-2,<=0,2+,0,3+,4+
2025_12,8120251203010004,1,3,0,89.33,85.8,1,3,3.530000000000001,3,84.96,0.8400000000000034,0,87.09,2.239999999999995,1-2,3-4,2-4,0-2,0,3+,2-4
2026_01,3820260101010001,3,7,0,84.0,87.41,4,1,-3.4099999999999966,2,84.65,2.759999999999991,0,85.58,-1.5799999999999983,3-4,1-2,<=0,2+,0,2,<0
2026_01,4320260102010001,5,1,0,83.03,87.87,5,1,-4.840000000000003,3,86.54,1.3299999999999983,0,86.95,-3.9200000000000017,5+,1-2,<=0,0-2,0,3+,<0
2026_01,4720251231020010,3,5,0,89.0,99.8,3,1,-10.799999999999997,2,97.66,2.1400000000000006,0,84.21,4.790000000000006,3-4,1-2,<=0,2+,0,2,4+
2026_01,6220251231030001,4,3,0,84.94,86.83,2,1,-1.8900000000000006,2,82.75,4.079999999999998,0,80.94,4.0,1-2,1-2,<=0,2+,0,2,4+
2026_01,8620251230030006,1,4,0,89.03,88.0,2,3,1.0300000000000011,3,89.75,-1.75,1,83.42,5.609999999999999,1-2,3-4,0-2,-2-0,1,3+,4+
2026_02,2320260131020002,5,4,1,89.28,81.8,1,3,7.480000000000004,2,83.33,-1.5300000000000011,1,80.5,8.780000000000001,1-2,3-4,4+,-2-0,1,2,4+
2026_02,2320260131030006,2,4,0,94.94,85.0,1,6,9.939999999999998,2,87.8,-2.799999999999997,2,89.28,5.659999999999997,1-2,5+,4+,<-2,2+,2,4+
2026_02,3620260130030003,5,7,0,85.83,78.85,1,4,6.980000000000004,3,78.7,0.14999999999999147,0,83.3,2.530000000000001,1-2,3-4,4+,0-2,0,3+,2-4
2026_02,3620260130030004,3,7,0,85.41,87.73,4,2,-2.3200000000000074,2,92.93,-5.200000000000003,1,86.72,-1.3100000000000023,3-4,1-2,<=0,<-2,1,2,<0
2026_02,3820260131030006,5,7,0,91.04,83.62,1,3,7.420000000000002,3,73.52,10.100000000000009,0,84.4,6.640000000000001,1-2,3-4,4+,2+,0,3+,4+
2026_02,4720260201010001,2,7,1,87.29,89.57,2,1,-2.279999999999987,3,84.86,4.709999999999994,0,81.64,5.650000000000006,1-2,1-2,<=0,2+,0,3+,4+
2026_02,4720260201020002,2,5,0,77.54,81.83,6,4,-4.289999999999992,3,80.14,1.6899999999999977,0,90.36,-12.819999999999993,5+,3-4,<=0,0-2,0,3+,<0
2026_02,5520260202010003,2,4,1,86.25,86.0,2,3,0.25,2,85.47,0.5300000000000011,0,89.88,-3.6299999999999955,1-2,3-4,0-2,0-2,0,2,<0
2026_02,6220260203010007,5,3,1,88.54,81.68,2,6,6.859999999999999,3,89.56,-7.8799999999999955,1,83.42,5.1200000000000045,1-2,5+,4+,<-2,1,3+,4+
2026_03,2720260301010007,1,4,0,87.88,87.51,1,2,0.36999999999999034,2,85.29,2.219999999999999,0,84.64,3.239999999999995,1-2,1-2,0-2,2+,0,2,2-4
2026_03,2720260301020009,7,1,1,98.88,91.23,1,3,7.6499999999999915,3,93.85,-2.6199999999999903,1,86.05,12.829999999999998,1-2,3-4,4+,<-2,1,3+,4+
2026_03,5520260228020002,7,1,1,80.88,82.5,4,3,-1.6200000000000045,2,86.88,-4.3799999999999955,1,85.68,-4.800000000000011,3-4,3-4,<=0,<-2,1,2,<0
2026_03,5620260301020002,4,3,1,81.41,82.16,4,3,-0.75,3,88.7,-6.540000000000006,1,84.5,-3.0900000000000034,3-4,3-4,<=0,<-2,1,3+,<0
2026_03,6220260228030006,5,2,0,88.95,92.83,3,1,-3.8799999999999955,2,87.3,5.530000000000001,0,89.23,-0.28000000000000114,3-4,1-2,<=0,2+,0,2,<0
2026_03,6220260228030007,1,6,1,92.04,87.95,5,7,4.090000000000003,2,96.21,-8.259999999999991,2,95.44,-3.3999999999999915,5+,5+,4+,<-2,2+,2,<0
2026_03,7320260301020002,5,3,0,79.5,80.16,5,3,-0.6599999999999966,2,77.92,2.239999999999995,0,85.33,-5.829999999999998,5+,3-4,<=0,2+,0,2,<0
2026_03,7320260301020004,3,6,1,82.55,80.88,3,6,1.6700000000000017,4,85.61,-4.730000000000004,1,81.52,1.0300000000000011,3-4,5+,0-2,<-2,1,3+,0-2
2026_03,7320260301020005,1,2,0,93.88,92.92,1,2,0.9599999999999937,3,88.41,4.510000000000005,0,87.03,6.849999999999994,1-2,1-2,0-2,2+,0,3+,4+
2026_03,8320260301020003,3,5,1,91.5,83.65,2,6,7.849999999999994,2,93.33,-9.679999999999993,2,87.18,4.319999999999993,1-2,5+,4+,<-2,2+,2,4+
2026_04,2720260401030004,4,6,1,85.04,82.33,4,7,2.710000000000008,2,92.0,-9.670000000000002,2,90.14,-5.099999999999994,3-4,5+,2-4,<-2,2+,2,<0
2026_04,4220260401010004,3,5,0,84.66,83.0,3,5,1.6599999999999966,2,85.69,-2.6899999999999977,1,87.17,-2.510000000000005,3-4,5+,0-2,<-2,1,2,<0
2026_04,4220260401020005,1,6,0,96.11,83.0,1,6,13.11,3,88.38,-5.3799999999999955,2,87.0,9.11,1-2,5+,4+,<-2,2+,3+,4+
2026_04,4420260401010008,1,4,1,87.8,87.08,1,2,0.7199999999999989,3,85.66,1.4200000000000017,0,83.4,4.3999999999999915,1-2,1-2,0-2,0-2,0,3+,4+
2026_04,5620260401020002,2,6,1,81.55,77.45,4,7,4.099999999999994,2,84.66,-7.209999999999994,2,85.66,-4.109999999999999,3-4,5+,4+,<-2,2+,2,<0
2026_05,1220260504020003,3,7,0,87.95,82.76,2,6,5.189999999999998,2,84.19,-1.4299999999999926,2,88.95,-1.0,1-2,5+,4+,-2-0,2+,2,<0
2026_05,2320260430030004,2,7,0,90.41,89.14,1,2,1.269999999999996,3,84.72,4.420000000000002,0,86.56,3.8499999999999943,1-2,1-2,0-2,2+,0,3+,2-4
2026_05,2720260503010007,3,1,0,88.21,85.45,1,4,2.759999999999991,3,88.08,-2.6299999999999955,1,86.35,1.8599999999999994,1-2,3-4,2-4,<-2,1,3+,0-2
2026_05,2720260503030005,5,1,1,87.5,83.2,1,3,4.299999999999997,2,84.95,-1.75,1,82.59,4.909999999999997,1-2,3-4,4+,-2-0,1,2,4+
2026_05,4320260505010001,1,6,0,86.08,80.65,2,7,5.429999999999993,2,85.61,-4.959999999999994,2,86.65,-0.5700000000000074,1-2,5+,4+,<-2,2+,2,<0
