month,race_id,variant,actual,current,raw,mark,market_fav,market_first,actual_order_odds,market_fav_odds,winner_role,second_role,third_role,winner_score,second_score,third_score,winner_mark,second_mark,third_mark
2025_01,7420250103010001,BASE,5-4-2,2-5-4,2-5-4,,2-5-4,2,52.0,25.9,other_pos2,solo,popular_pos2,86.81,85.0,89.76,,,
2025_01,7420250103010001,OH_HIGH,5-4-2,2-5-4,2-5-4,,2-5-4,2,52.0,25.9,other_pos2,solo,popular_pos2,86.81,85.0,89.76,,,
2025_02,8620250201030003,BASE,1-5-2,2-5-1,2-5-1,,2-1-5,2,18.3,16.0,other_pos2,solo,popular_pos2,86.66,88.51,89.36,,,
2025_02,8620250201030003,OH_HIGH,1-5-2,2-5-1,2-5-1,,2-1-5,2,18.3,16.0,other_pos2,solo,popular_pos2,86.66,88.51,89.36,,,
2025_02,4420250201010009,BASE,3-7-2,3-2-7,3-2-7,,3-7-2,3,73.1,73.1,popular_pos2,popular_pos3plus,other_pos2,86.16,81.96,85.58,,,
2025_02,4420250201010009,OH_HIGH,3-7-2,3-2-5,3-2-7,,3-7-2,3,73.1,73.1,popular_pos2,popular_pos3plus,other_pos2,86.16,81.96,85.58,,,
2025_02,4420250201020009,BASE,2-7-4,2-7-4,2-7-4,,2-7-4,2,2.0,2.0,popular_pos2,other_pos3plus,popular_pos3plus,89.81,83.52,80.59,,,
2025_02,4420250201020012,OH_HIGH,5-2-1,5-2-1,2-5-1,,5-2-1,5,16.1,16.1,popular_pos2,other_pos2,other_head,94.95,95.53,85.95,,,
2025_02,8120250204020002,OH_HIGH,2-5-1,2-1-5,2-1-5,,2-5-1,2,6.9,6.9,popular_pos2,other_head,solo,87.13,82.62,87.09,,,
2025_03,3520250301030004,BASE,1-5-7,1-5-7,1-5-7,,5-1-7,5,21.3,7.8,popular_pos2,solo,other_pos2,92.64,92.0,88.9,,,
2025_03,3520250301030004,OH_HIGH,1-5-7,1-5-7,1-5-7,,5-1-7,5,21.3,7.8,popular_pos2,solo,other_pos2,92.64,92.0,88.9,,,
2025_03,4720250301030002,OH_HIGH,1-5-4,1-4-5,1-4-5,,1-5-4,1,32.4,32.4,popular_pos2,popular_pos3plus,other_head,84.44,80.63,81.72,,,
2025_03,4720250301030004,BASE,3-2-4,4-2-3,2-3-4,,2-3-4,2,363.7,200.8,other_head,other_pos2,popular_pos2,88.47,89.11,86.92,,,
2025_03,4720250301030004,OH_HIGH,3-2-4,4-2-3,2-3-4,,2-3-4,2,363.7,200.8,other_head,other_pos2,popular_pos2,88.47,89.11,86.92,,,
2025_04,3520250401030001,BASE,3-7-2,3-2-7,3-2-7,,3-7-2,3,18.6,18.6,popular_pos2,other_pos2,other_head,86.7,85.09,86.5,,,
2025_04,5620250401020003,BASE,5-2-1,2-1-5,1-2-5,,5-1-2,1,49.2,34.7,other_pos2,popular_pos2,other_pos2,91.62,93.85,95.65,,,
2025_04,5620250401020003,OH_HIGH,5-2-1,2-1-5,1-2-5,,5-1-2,1,49.2,34.7,other_pos2,popular_pos2,other_pos2,91.62,93.85,95.65,,,
2025_04,4220250401010003,OH_HIGH,1-5-2,2-1-4,1-2-5,,1-5-2,1,44.9,44.9,other_pos2,other_head,popular_pos2,87.58,81.16,85.54,,,
2025_04,7120250401010001,BASE,5-3-2,2-3-5,2-3-5,,2-5-3,2,269.8,151.6,popular_pos2,other_pos2,other_pos2,81.88,86.27,87.04,,,
2025_04,7120250401010001,OH_HIGH,5-3-2,2-3-5,2-3-5,,2-5-3,2,269.8,151.6,popular_pos2,other_pos2,other_pos2,81.88,86.27,87.04,,,
2025_06,3120250601030005,OH_HIGH,5-3-2,3-2-4,2-3-5,,3-2-5,3,78.8,22.2,other_pos2,popular_pos2,other_head,85.93,87.58,88.41,,,
2025_06,1120250602020001,BASE,1-3-2,2-1-3,2-3-1,,2-3-1,2,95.2,35.9,popular_pos2,other_head,other_pos2,81.56,84.33,84.85,,,
2025_06,8320250602020007,BASE,1-3-2,1-3-2,1-3-2,,3-2-1,3,46.4,31.5,popular_pos2,other_pos2,other_pos2,87.69,83.72,81.82,,,
2025_06,8320250602020011,BASE,2-1-5,5-1-2,1-5-2,,1-5-2,1,54.7,7.9,other_head,other_pos2,popular_pos2,89.12,93.0,90.54,,,
2025_06,8320250602020011,OH_HIGH,2-1-5,5-1-2,1-5-2,,1-5-2,1,54.7,7.9,other_head,other_pos2,popular_pos2,89.12,93.0,90.54,,,
2025_06,4620250603020007,BASE,5-2-1,1-5-2,1-5-2,,1-2-5,1,80.0,27.6,other_pos2,other_head,popular_pos2,82.0,81.66,84.88,,,
2025_06,4620250603020008,BASE,5-2-7,5-2-7,5-2-7,,5-2-7,5,8.6,8.6,popular_pos2,other_pos2,other_pos2,85.45,84.04,83.35,,,
2025_07,4220250701010001,BASE,1-5-2,1-2-5,2-1-5,,1-5-2,1,65.3,65.3,popular_pos2,popular_pos3plus,other_pos2,85.14,82.62,87.85,,,
2025_07,4220250701010001,OH_HIGH,1-5-2,1-2-4,2-1-5,,1-5-2,1,65.3,65.3,popular_pos2,popular_pos3plus,other_pos2,85.14,82.62,87.85,,,
2025_07,2820250702030002,BASE,1-3-4,1-4-3,1-4-3,,1-4-3,1,187.2,125.6,other_pos2,other_pos2,popular_pos2,88.81,81.76,83.79,,,
2025_07,8620250704020003,BASE,7-2-4,7-4-2,7-2-4,,2-7-4,2,47.7,36.3,other_head,other_pos2,popular_pos2,95.87,92.31,90.25,,,
2025_07,8620250704020003,OH_HIGH,7-2-4,7-4-2,7-2-4,,2-7-4,2,47.7,36.3,other_head,other_pos2,popular_pos2,95.87,92.31,90.25,,,
2025_08,2120250801010007,BASE,5-2-7,7-2-5,7-2-5,,2-5-7,2,60.9,42.8,other_head,other_pos2,popular_pos2,86.78,89.33,90.22,,,
2025_08,2120250801010007,OH_HIGH,5-2-7,7-2-5,7-2-5,,2-5-7,2,60.9,42.8,other_head,other_pos2,popular_pos2,86.78,89.33,90.22,,,
2025_08,7420250803030001,BASE,7-3-1,3-1-7,1-3-7,,3-7-1,3,25.4,18.1,other_pos3plus,popular_pos2,other_head,82.12,82.29,84.25,,,
2025_08,7420250803030001,OH_HIGH,7-3-1,3-1-7,1-3-7,,3-7-1,3,25.4,18.1,other_pos3plus,popular_pos2,other_head,82.12,82.29,84.25,,,
2025_08,7420250803020004,BASE,2-4-1,2-1-4,1-2-4,,2-4-1,2,28.5,28.5,popular_pos2,popular_pos3plus,solo,90.04,86.23,90.66,,,
2025_08,7420250803020004,OH_HIGH,2-4-1,2-1-4,1-2-4,,2-4-1,2,28.5,28.5,popular_pos2,popular_pos3plus,solo,90.04,86.23,90.66,,,
2025_08,7420250803020005,BASE,7-2-4,7-2-4,7-2-4,,7-2-4,7,10.6,10.6,popular_pos3plus,solo,popular_pos3plus,101.31,92.38,89.74,,,
2025_08,7420250803020005,OH_HIGH,7-2-4,7-2-4,7-2-4,,7-2-4,7,10.6,10.6,popular_pos3plus,solo,popular_pos3plus,101.31,92.38,89.74,,,
2025_08,2220250803020001,OH_HIGH,2-4-1,1-2-4,1-2-4,,2-4-1,2,49.2,49.2,other_pos2,other_head,popular_pos2,85.23,82.04,86.12,,,
2025_08,2220250803020003,OH_HIGH,4-1-5,1-4-5,1-4-5,,4-1-5,4,313.3,313.3,popular_pos3plus,popular_pos2,other_head,84.59,87.53,84.05,,,
2025_09,1220250901010002,OH_HIGH,5-7-1,7-1-5,1-5-7,,5-1-7,5,145.6,59.1,other_head,popular_pos2,other_pos2,86.14,84.03,86.66,,,
2025_09,5120250901010003,OH_HIGH,5-3-7,5-7-3,7-5-3,,5-7-3,5,96.9,84.1,popular_pos2,other_head,other_pos2,85.38,83.47,88.16,,,
2025_09,5120250901030005,OH_HIGH,7-4-2,7-2-4,7-2-4,,7-2-4,7,4.0,3.3,popular_pos3plus,other_head,other_pos2,91.6,88.37,89.62,,,
2025_09,5120250901020006,BASE,5-2-3,5-3-2,5-3-2,,5-2-3,5,11.4,11.4,popular_pos2,other_pos2,other_pos2,91.79,90.05,91.13,,,
2025_09,2220250901020007,BASE,2-6-1,2-1-6,2-1-6,,2-6-1,2,93.7,93.7,other_head,popular_pos3plus,popular_pos2,87.42,79.75,82.74,,,
2025_09,2220250901020007,OH_HIGH,2-6-1,2-1-5,2-1-6,,2-6-1,2,93.7,93.7,other_head,popular_pos3plus,popular_pos2,87.42,79.75,82.74,,,
2025_09,2220250901030011,BASE,7-1-2,1-2-7,2-1-7,,1-2-7,1,32.5,5.7,other_pos2,popular_pos2,solo,91.54,93.22,96.0,,,
2025_09,3420250903030001,BASE,3-7-1,1-3-7,1-3-7,,3-7-1,3,12.3,12.3,other_pos2,other_pos2,popular_pos2,88.62,82.38,90.9,,,
2025_10,8320251001030009,OH_HIGH,1-7-5,7-1-5,7-1-5,,7-1-5,7,3.5,2.7,other_pos2,popular_pos2,other_head,92.22,92.52,83.69,,,
2025_10,8320251001020010,OH_HIGH,4-5-2,2-5-4,2-5-4,,2-5-4,2,126.5,47.1,other_head,other_head,popular_pos2,87.88,90.26,92.52,,,
2025_11,1220251103030006,BASE,3-4-5,3-4-5,3-4-5,,4-3-5,4,16.9,14.9,solo,popular_pos3plus,popular_pos2,91.4,87.19,84.7,,,
2025_11,1220251103030006,OH_HIGH,3-4-5,3-4-5,3-4-5,,4-3-5,4,16.9,14.9,solo,popular_pos3plus,popular_pos2,91.4,87.19,84.7,,,
2025_11,2720251104010008,OH_HIGH,3-5-2,3-1-2,3-2-5,,3-2-5,3,101.8,47.8,popular_pos2,other_pos2,other_head,86.77,84.42,85.14,,,
2025_12,4220251201010002,BASE,4-3-1,3-4-1,4-3-1,,4-1-3,4,50.6,34.0,other_pos2,popular_pos2,other_pos3plus,88.08,88.04,84.19,,,
2025_12,4220251201010002,OH_HIGH,4-3-1,3-4-1,4-3-1,,4-1-3,4,50.6,34.0,other_pos2,popular_pos2,other_pos3plus,88.08,88.04,84.19,,,
2025_12,3120251202010001,BASE,7-5-1,7-5-1,5-7-1,,5-1-7,5,26.1,7.9,popular_pos2,other_head,other_pos2,87.21,88.62,84.58,,,
2025_12,3120251202010001,OH_HIGH,7-5-1,7-5-1,5-7-1,,5-1-7,5,26.1,7.9,popular_pos2,other_head,other_pos2,87.21,88.62,84.58,,,
2025_12,5620251203010005,OH_HIGH,4-1-2,1-2-4,1-2-4,,1-2-4,2,67.9,36.0,other_head,popular_pos2,other_pos2,83.77,89.37,85.12,,,
2025_12,5620251203010007,OH_HIGH,3-5-1,1-3-5,1-3-5,,3-5-1,3,79.4,79.4,other_pos2,other_head,popular_pos2,86.66,84.14,88.73,,,
2025_12,8120251203010005,BASE,4-3-2,2-3-4,2-3-4,,4-3-2,4,21.3,21.3,other_head,other_pos2,popular_pos2,86.52,87.88,88.37,,,
2025_12,8120251203010005,OH_HIGH,4-3-2,2-3-4,2-3-4,,4-3-2,4,21.3,21.3,other_head,other_pos2,popular_pos2,86.52,87.88,88.37,,,
2026_01,8620251230030001,OH_HIGH,2-3-4,3-2-4,3-2-4,2-4-3,2-3-4,3,12.0,12.0,other_head,popular_pos2,popular_pos3plus,82.65,83.66,80.06,6.0,1.0,2.0
2026_01,8320251230030005,OH_HIGH,4-1-2,1-2-4,1-2-4,1-4-2,2-1-4,2,397.6,163.2,other_head,popular_pos2,other_pos2,86.51,89.35,88.22,3.0,6.0,1.0
2026_01,2420260101010005,BASE,7-3-1,1-5-7,1-7-3,1-3-7,1-7-3,1,247.4,146.1,other_pos2,other_head,popular_pos2,97.57,96.23,99.16,1.0,2.0,6.0
2026_01,2420260101010005,OH_HIGH,7-3-1,1-7-3,1-7-3,1-3-7,1-7-3,1,247.4,146.1,other_pos2,other_head,popular_pos2,97.57,96.23,99.16,1.0,2.0,6.0
2026_01,4320260102010004,BASE,4-3-1,3-1-4,1-3-4,3-4-1,3-4-1,3,238.7,92.1,popular_pos3plus,popular_pos2,other_pos2,84.96,85.62,86.83,4.0,6.0,1.0
2026_01,6220251231030007,BASE,5-3-7,7-3-5,3-7-5,5-7-3,5-7-3,5,49.2,16.3,popular_pos2,solo,popular_pos3plus,91.68,96.29,95.4,6.0,3.0,4.0
2026_01,6220251231030007,OH_HIGH,5-3-7,7-3-5,3-7-5,5-7-3,5-7-3,5,49.2,16.3,popular_pos2,solo,popular_pos3plus,91.68,96.29,95.4,6.0,3.0,4.0
2026_01,5620251231030004,BASE,3-1-5,1-5-3,5-3-1,1-3-5,3-5-1,3,74.8,50.5,other_head,popular_pos2,other_pos2,90.88,90.74,93.37,4.0,5.0,1.0
2026_01,5620251231030004,OH_HIGH,3-1-5,1-5-3,5-3-1,1-3-5,3-5-1,3,74.8,50.5,other_head,popular_pos2,other_pos2,90.88,90.74,93.37,4.0,5.0,1.0
2026_02,3620260130030004,BASE,3-7-1,1-7-3,1-7-3,1-7-3,3-7-1,3,62.7,62.7,other_head,other_pos2,popular_pos2,85.41,87.73,92.93,1.0,2.0,6.0
2026_02,3620260130030004,OH_HIGH,3-7-1,1-7-3,1-7-3,1-7-3,3-7-1,3,62.7,62.7,other_head,other_pos2,popular_pos2,85.41,87.73,92.93,1.0,2.0,6.0
2026_02,2320260131020007,OH_HIGH,2-7-1,2-1-7,2-1-7,2-7-1,2-1-7,2,205.7,126.6,other_head,other_head,popular_pos2,97.77,92.55,94.73,6.0,3.0,2.0
2026_03,6220260228020001,OH_HIGH,1-5-2,2-5-1,2-5-1,5-1-2,5-1-2,5,32.4,16.7,other_head,other_pos2,popular_pos2,81.83,84.78,86.2,5.0,6.0,1.0
2026_03,2720260301010009,OH_HIGH,3-7-5,7-5-3,5-7-3,7-3-5,3-5-7,5,79.4,36.4,other_head,popular_pos2,other_pos2,83.93,85.35,87.0,4.0,5.0,1.0
2026_03,5620260301010003,BASE,2-5-1,2-1-5,1-2-5,2-5-1,2-1-5,2,73.7,66.3,popular_pos2,popular_pos3plus,other_pos2,87.75,81.57,88.25,6.0,4.0,1.0
2026_03,5620260301010003,OH_HIGH,2-5-1,2-1-4,1-2-5,2-5-1,2-1-5,2,73.7,66.3,popular_pos2,popular_pos3plus,other_pos2,87.75,81.57,88.25,6.0,4.0,1.0
2026_03,7520260227030011,OH_HIGH,1-4-7,1-4-7,1-4-7,1-4-7,1-4-7,1,8.0,8.0,popular_pos2,solo,other_head,100.31,95.77,91.62,6.0,5.0,1.0
2026_04,2420260401010003,OH_HIGH,3-2-6,2-3-6,2-3-6,,3-2-6,3,227.8,227.8,other_head,popular_pos2,other_head,85.66,86.57,80.66,,,
2026_04,6120260402010003,OH_HIGH,4-2-5,4-2-5,4-2-5,,2-5-4,2,62.2,19.4,popular_pos2,other_pos2,other_head,88.71,88.16,84.85,,,
2026_04,5620260401030001,BASE,2-5-3,5-2-3,5-2-3,,5-2-3,2,35.3,35.1,solo,popular_pos2,other_pos2,85.28,86.14,84.66,,,
2026_04,5620260401030001,OH_HIGH,2-5-3,5-2-3,5-2-3,,5-2-3,2,35.3,35.1,solo,popular_pos2,other_pos2,85.28,86.14,84.66,,,
2026_04,5620260401030008,BASE,1-5-7,1-7-5,1-7-5,,1-5-7,1,46.8,46.8,popular_pos2,other_pos2,other_pos2,96.66,89.23,91.5,,,
2026_05,5320260501010004,OH_HIGH,5-2-3,3-2-5,3-2-5,3-5-2,2-5-3,2,27.9,12.1,other_head,other_pos2,popular_pos2,83.08,87.0,88.2,2.0,1.0,6.0
2026_05,1120260430030003,BASE,7-3-1,7-3-1,7-3-1,1-3-7,7-3-1,7,33.5,33.5,solo,other_pos2,popular_pos2,90.77,90.06,85.04,1.0,4.0,5.0
2026_05,1120260430030003,OH_HIGH,7-3-1,7-3-1,7-3-1,1-3-7,7-3-1,7,33.5,33.5,solo,other_pos2,popular_pos2,90.77,90.06,85.04,1.0,4.0,5.0
2026_05,5320260501030003,OH_HIGH,3-7-5,5-7-3,5-7-3,5-3-7,7-3-5,7,52.7,39.6,other_head,other_pos2,popular_pos2,85.57,88.2,92.33,4.0,1.0,6.0
2026_06,3820260531030007,BASE,3-2-5,2-5-3,2-3-5,2-3-5,5-2-3,5,97.5,27.4,other_pos2,popular_pos3plus,popular_pos2,91.8,91.85,89.72,0.0,0.0,0.0
2026_06,4220260601030002,BASE,4-1-2,4-1-2,4-1-2,4-2-1,4-1-2,4,44.1,44.1,popular_pos2,other_pos2,popular_pos3plus,87.8,84.58,82.15,6.0,1.0,4.0
2026_06,4220260601030002,OH_HIGH,4-1-2,4-1-2,4-1-2,4-2-1,4-1-2,4,44.1,44.1,popular_pos2,other_pos2,popular_pos3plus,87.8,84.58,82.15,6.0,1.0,4.0
