race_id,date,venue,race_no,line,target,ranking,candidates,actual,head_bust,top3_set_match,detail
4320260730030007,2026-08-01,gifu,7,4-1/2/3-5/6/7,3,1-5-7-2-4-6,1-5-7|1-5-2,4-1-5,1.0,0,"1:s=91.66,L=1,p=2,t=2,mr=1,fin=2 | 2:s=86.18,L=2,p=1,t=1,mr=4,fin=4 | 3:s=86.06,L=3,p=1,t=1,mr=X,fin=7 | 4:s=81.17,L=1,p=1,t=1,mr=5,fin=1 | 5:s=86.40,L=3,p=2,t=4,mr=2,fin=3 | 6:s=80.45,L=4,p=1,t=1,mr=6,fin=6 | 7:s=89.08,L=5,p=1,t=1,mr=3,fin=5"
1320260731020001,2026-08-01,iwakitaira,1,7-1-4-6/5-2-3,7,1-5-4-2-3-6,1-5-4,1-4-7,0.0,0,"1:s=83.27,L=1,p=2,t=4,mr=1,fin=1 | 2:s=81.72,L=2,p=2,t=2,mr=4,fin=4 | 3:s=73.29,L=2,p=3,t=2,mr=5,fin=6 | 4:s=81.92,L=1,p=3,t=3,mr=3,fin=2 | 5:s=85.16,L=2,p=1,t=1,mr=2,fin=7 | 6:s=70.00,L=1,p=4,t=3,mr=6,fin=5 | 7:s=84.23,L=1,p=1,t=1,mr=X,fin=3"
1320260731020002,2026-08-01,iwakitaira,2,1-7/2-6/5-3-4,1,7-3-2-4-5-6,7-3-2,7-1-3,0.0,0,"1:s=85.08,L=1,p=1,t=1,mr=X,fin=2 | 2:s=86.26,L=2,p=1,t=1,mr=3,fin=7 | 3:s=84.22,L=3,p=2,t=2,mr=2,fin=3 | 4:s=82.30,L=3,p=3,t=2,mr=4,fin=5 | 5:s=83.85,L=3,p=1,t=1,mr=5,fin=4 | 6:s=75.88,L=2,p=2,t=2,mr=6,fin=6 | 7:s=83.82,L=1,p=2,t=4,mr=1,fin=1"
1320260731020003,2026-08-01,iwakitaira,3,1-5-3/4-2-7/6,4,5-1-2-7-3-6,5-1-2,5-6-2,1.0,0,"1:s=91.28,L=1,p=1,t=1,mr=2,fin=4 | 2:s=87.94,L=2,p=2,t=4,mr=3,fin=3 | 3:s=87.42,L=1,p=3,t=2,mr=5,fin=5 | 4:s=95.54,L=2,p=1,t=1,mr=X,fin=7 | 5:s=95.73,L=1,p=2,t=2,mr=1,fin=1 | 6:s=85.55,L=3,p=1,t=1,mr=6,fin=2 | 7:s=87.50,L=2,p=3,t=3,mr=4,fin=6"
1320260731020005,2026-08-01,iwakitaira,5,4-1-6/2/3-7-5,4,1-3-5-6-7-2,1-3-5,4-1-5,0.0,0,"1:s=94.36,L=1,p=2,t=4,mr=1,fin=2 | 2:s=81.80,L=2,p=1,t=1,mr=6,fin=6 | 3:s=92.90,L=3,p=1,t=1,mr=2,fin=5 | 4:s=93.00,L=1,p=1,t=1,mr=X,fin=1 | 5:s=87.12,L=3,p=3,t=2,mr=3,fin=3 | 6:s=81.73,L=1,p=3,t=3,mr=4,fin=7 | 7:s=84.68,L=3,p=2,t=2,mr=5,fin=4"
2720260731020002,2026-08-01,keiokaku,2,3-1/2-4/5-7/6,2,4-1-3-5-7-6,4-1-3|4-1-5,2-5-4,0.0,0,"1:s=85.33,L=1,p=2,t=2,mr=2,fin=5 | 2:s=85.30,L=2,p=1,t=1,mr=X,fin=1 | 3:s=84.05,L=1,p=1,t=1,mr=3,fin=4 | 4:s=84.04,L=2,p=2,t=4,mr=1,fin=3 | 5:s=82.22,L=3,p=1,t=1,mr=4,fin=2 | 6:s=80.72,L=4,p=1,t=1,mr=6,fin=6 | 7:s=78.31,L=3,p=2,t=2,mr=5,fin=7"
2720260731020003,2026-08-01,keiokaku,3,7/2-6/3-5/1-4,1,4-2-3-5-6-7,4-2-3|4-3-2,1-7-2,0.0,0,"1:s=88.14,L=4,p=1,t=1,mr=X,fin=1 | 2:s=86.58,L=2,p=1,t=1,mr=2,fin=3 | 3:s=85.26,L=3,p=1,t=1,mr=3,fin=6 | 4:s=84.42,L=4,p=2,t=4,mr=1,fin=7 | 5:s=81.65,L=3,p=2,t=2,mr=4,fin=5 | 6:s=78.25,L=2,p=2,t=2,mr=5,fin=4 | 7:s=76.41,L=1,p=1,t=1,mr=6,fin=2"
7420260731020005,2026-08-01,kochi,5,4-1/3-2/7-5-6,3,2-1-5-6-4-7,2-1-5|2-1-6,5-6-7,1.0,0,"1:s=94.50,L=1,p=2,t=2,mr=2,fin=7 | 2:s=93.20,L=2,p=2,t=4,mr=1,fin=6 | 3:s=87.14,L=2,p=1,t=1,mr=X,fin=5 | 4:s=84.37,L=1,p=1,t=1,mr=5,fin=4 | 5:s=84.16,L=3,p=2,t=2,mr=3,fin=1 | 6:s=82.04,L=3,p=3,t=2,mr=4,fin=2 | 7:s=79.66,L=3,p=1,t=1,mr=6,fin=3"
7420260731020006,2026-08-01,kochi,6,5-1-6/2-3/4/7,5,1-2-3-6-4-7,1-2-3,2-3-1,1.0,1,"1:s=95.39,L=1,p=2,t=4,mr=1,fin=3 | 2:s=93.15,L=2,p=1,t=1,mr=2,fin=1 | 3:s=88.91,L=2,p=2,t=2,mr=3,fin=2 | 4:s=86.82,L=3,p=1,t=1,mr=5,fin=6 | 5:s=86.04,L=1,p=1,t=1,mr=X,fin=5 | 6:s=84.19,L=1,p=3,t=3,mr=4,fin=4 | 7:s=83.63,L=4,p=1,t=1,mr=6,fin=7"
2120260730030001,2026-08-01,yahiko,1,7-2-5/1-4/6-3,1,2-4-5-3-7-6,2-4-5|2-4-3,6-2-3,1.0,0,"1:s=82.38,L=2,p=1,t=1,mr=X,fin=4 | 2:s=89.46,L=1,p=2,t=2,mr=1,fin=2 | 3:s=83.87,L=3,p=2,t=2,mr=4,fin=3 | 4:s=85.38,L=2,p=2,t=4,mr=2,fin=7 | 5:s=84.85,L=1,p=3,t=2,mr=3,fin=6 | 6:s=79.53,L=3,p=1,t=1,mr=6,fin=1 | 7:s=81.46,L=1,p=1,t=1,mr=5,fin=5"
2120260730030002,2026-08-01,yahiko,2,1-7-4/5-2/6/3,1,7-5-4-2-3-6,7-5-4,7-5-1,0.0,0,"1:s=81.76,L=1,p=1,t=1,mr=X,fin=3 | 2:s=81.17,L=2,p=2,t=2,mr=4,fin=7 | 3:s=81.73,L=4,p=1,t=1,mr=5,fin=6 | 4:s=82.33,L=1,p=3,t=3,mr=3,fin=4 | 5:s=90.13,L=2,p=1,t=1,mr=2,fin=2 | 6:s=79.38,L=3,p=1,t=1,mr=6,fin=5 | 7:s=89.33,L=1,p=2,t=4,mr=1,fin=1"
2120260730030003,2026-08-01,yahiko,3,2-6-5/1/7-3-4,2,5-3-1-6-4-7,5-3-1,6-5-2,0.0,0,"1:s=86.87,L=2,p=1,t=1,mr=3,fin=6 | 2:s=86.14,L=1,p=1,t=1,mr=X,fin=3 | 3:s=85.62,L=3,p=2,t=2,mr=2,fin=4 | 4:s=81.74,L=3,p=3,t=2,mr=5,fin=5 | 5:s=87.84,L=1,p=3,t=3,mr=1,fin=2 | 6:s=81.44,L=1,p=2,t=4,mr=4,fin=1 | 7:s=83.42,L=3,p=1,t=1,mr=6,fin=7"
2120260730030004,2026-08-01,yahiko,4,1-4-7/2-5/3-6,1,4-5-3-2-7-6,4-5-3|4-5-2,4-1-3,0.0,0,"1:s=86.54,L=1,p=1,t=1,mr=X,fin=2 | 2:s=86.96,L=2,p=1,t=1,mr=4,fin=6 | 3:s=88.56,L=3,p=1,t=1,mr=3,fin=3 | 4:s=86.50,L=1,p=2,t=4,mr=1,fin=1 | 5:s=86.40,L=2,p=2,t=2,mr=2,fin=7 | 6:s=74.52,L=3,p=2,t=2,mr=6,fin=5 | 7:s=81.96,L=1,p=3,t=3,mr=5,fin=4"
2120260730030011,2026-08-01,yahiko,11,2-1-7/3-5/4/6,2,7-5-1-4-3-6,7-5-1,4-7-6,1.0,0,"1:s=91.00,L=1,p=2,t=4,mr=3,fin=6 | 2:s=91.57,L=1,p=1,t=1,mr=X,fin=7 | 3:s=91.66,L=2,p=1,t=1,mr=5,fin=5 | 4:s=93.41,L=3,p=1,t=1,mr=4,fin=1 | 5:s=95.80,L=2,p=2,t=2,mr=2,fin=4 | 6:s=90.37,L=4,p=1,t=1,mr=6,fin=3 | 7:s=96.52,L=1,p=3,t=3,mr=1,fin=2"
1320260731030002,2026-08-02,iwakitaira,2,2-7-1/3-5/4-6,2,7-1-3-4-5-6,7-1-3|7-1-4,4-1-5,1.0,0,"1:s=82.30,L=1,p=3,t=3,mr=2,fin=2 | 2:s=84.23,L=1,p=1,t=1,mr=X,fin=5 | 3:s=85.16,L=2,p=1,t=1,mr=3,fin=7 | 4:s=85.08,L=3,p=1,t=1,mr=4,fin=1 | 5:s=81.73,L=2,p=2,t=2,mr=5,fin=3 | 6:s=73.29,L=3,p=2,t=2,mr=6,fin=6 | 7:s=90.53,L=1,p=2,t=4,mr=1,fin=4"
1320260731030004,2026-08-02,iwakitaira,4,1-4-7/6/3-2-5,1,3-4-2-7-5-6,3-4-2,4-1-7,0.0,0,"1:s=92.90,L=1,p=1,t=1,mr=X,fin=2 | 2:s=86.52,L=3,p=2,t=2,mr=3,fin=5 | 3:s=91.28,L=3,p=1,t=1,mr=1,fin=7 | 4:s=84.68,L=1,p=2,t=4,mr=2,fin=1 | 5:s=83.82,L=3,p=3,t=2,mr=5,fin=6 | 6:s=81.80,L=2,p=1,t=1,mr=6,fin=4 | 7:s=83.27,L=1,p=3,t=3,mr=4,fin=3"
1320260731030011,2026-08-02,iwakitaira,11,1-7-4/5-2/6-3,1,7-4-3-5-2-6,7-4-3,7-4-1,0.0,0,"1:s=93.00,L=1,p=1,t=1,mr=X,fin=3 | 2:s=85.55,L=2,p=2,t=2,mr=5,fin=6 | 3:s=96.52,L=3,p=2,t=2,mr=3,fin=4 | 4:s=95.73,L=1,p=3,t=3,mr=2,fin=2 | 5:s=89.80,L=2,p=1,t=1,mr=4,fin=5 | 6:s=79.90,L=3,p=1,t=1,mr=6,fin=7 | 7:s=94.36,L=1,p=2,t=4,mr=1,fin=1"
2720260731030002,2026-08-02,keiokaku,2,5-1-6/3/2-7/4,5,1-2-3-6-4-7,1-2-3|1-3-2,3-6-5,0.0,0,"1:s=87.33,L=1,p=2,t=4,mr=1,fin=5 | 2:s=84.05,L=3,p=1,t=1,mr=2,fin=6 | 3:s=84.04,L=2,p=1,t=1,mr=3,fin=1 | 4:s=81.13,L=4,p=1,t=1,mr=5,fin=4 | 5:s=80.25,L=1,p=1,t=1,mr=X,fin=3 | 6:s=78.25,L=1,p=3,t=3,mr=4,fin=2 | 7:s=71.66,L=3,p=2,t=2,mr=6,fin=7"
2720260731030003,2026-08-02,keiokaku,3,4-3-7/1-5-2/6,4,3-2-1-7-5-6,3-2-1,4-1-5,0.0,0,"1:s=85.33,L=2,p=1,t=1,mr=3,fin=2 | 2:s=85.26,L=2,p=3,t=2,mr=2,fin=5 | 3:s=85.20,L=1,p=2,t=4,mr=1,fin=6 | 4:s=82.22,L=1,p=1,t=1,mr=X,fin=1 | 5:s=80.95,L=2,p=2,t=2,mr=5,fin=3 | 6:s=80.72,L=3,p=1,t=1,mr=6,fin=4 | 7:s=78.31,L=1,p=3,t=3,mr=4,fin=7"
2720260731030004,2026-08-02,keiokaku,4,2-1/5-3/7-4/6,2,1-3-4-5-6-7,1-3-4|1-4-3,5-4-3,1.0,0,"1:s=89.61,L=1,p=2,t=4,mr=1,fin=4 | 2:s=88.62,L=1,p=1,t=1,mr=X,fin=5 | 3:s=87.11,L=2,p=2,t=2,mr=2,fin=3 | 4:s=86.55,L=3,p=2,t=2,mr=3,fin=2 | 5:s=83.38,L=2,p=1,t=1,mr=4,fin=1 | 6:s=80.85,L=4,p=1,t=1,mr=5,fin=6 | 7:s=76.41,L=3,p=1,t=1,mr=6,fin=7"
7420260731030004,2026-08-02,kochi,4,7-1-6/3-5/4-2,7,1-2-3-4-6-5,1-2-3|1-2-4,7-1-6,0.0,0,"1:s=95.39,L=1,p=2,t=4,mr=1,fin=2 | 2:s=88.00,L=3,p=2,t=2,mr=2,fin=7 | 3:s=87.14,L=2,p=1,t=1,mr=3,fin=5 | 4:s=86.04,L=3,p=1,t=1,mr=4,fin=4 | 5:s=81.95,L=2,p=2,t=2,mr=6,fin=6 | 6:s=80.08,L=1,p=3,t=3,mr=5,fin=3 | 7:s=79.66,L=1,p=1,t=1,mr=X,fin=1"
7420260731030005,2026-08-02,kochi,5,7-1/3-5/4-2-6,4,1-2-5-3-6-7,1-2-5,2-1-4,0.0,0,"1:s=93.20,L=1,p=2,t=2,mr=1,fin=2 | 2:s=86.82,L=3,p=2,t=4,mr=2,fin=1 | 3:s=85.12,L=2,p=1,t=1,mr=4,fin=4 | 4:s=84.37,L=3,p=1,t=1,mr=X,fin=3 | 5:s=84.19,L=2,p=2,t=2,mr=3,fin=7 | 6:s=75.38,L=3,p=3,t=3,mr=5,fin=5 | 7:s=73.09,L=1,p=1,t=1,mr=6,fin=6"
8520260731030001,2026-08-02,sasebo,1,4-5-2/6/3-1-7,3,1-5-2-7-4-6,1-5-2|1-2-5,3-1-5,0.0,0,"1:s=84.59,L=3,p=2,t=4,mr=1,fin=2 | 2:s=83.33,L=1,p=3,t=2,mr=3,fin=6 | 3:s=85.15,L=3,p=1,t=1,mr=X,fin=1 | 4:s=76.72,L=1,p=1,t=1,mr=5,fin=4 | 5:s=86.05,L=1,p=2,t=2,mr=2,fin=3 | 6:s=69.09,L=2,p=1,t=1,mr=6,fin=7 | 7:s=74.66,L=3,p=3,t=3,mr=4,fin=5"
8520260731030003,2026-08-02,sasebo,3,5-1-6/2-7/3-4,5,2-1-4-7-3-6,2-1-4|2-1-7,4-2-7,1.0,0,"1:s=87.00,L=1,p=2,t=4,mr=2,fin=7 | 2:s=95.81,L=2,p=1,t=1,mr=1,fin=2 | 3:s=88.68,L=3,p=1,t=1,mr=5,fin=5 | 4:s=88.40,L=3,p=2,t=2,mr=3,fin=1 | 5:s=92.52,L=1,p=1,t=1,mr=X,fin=4 | 6:s=82.25,L=1,p=3,t=3,mr=6,fin=6 | 7:s=86.16,L=2,p=2,t=2,mr=4,fin=3"
6220260803020001,2026-08-04,hiroshima,1,2-6/1-5/4-3,1,5-3-4-6-2,5-3-4,,1.0,0,"1:s=86.57,L=2,p=1,t=1,mr=X,fin=None | 2:s=80.79,L=1,p=1,t=1,mr=5,fin=None | 3:s=84.33,L=3,p=2,t=2,mr=2,fin=None | 4:s=83.33,L=3,p=1,t=1,mr=3,fin=None | 5:s=84.66,L=2,p=2,t=4,mr=1,fin=None | 6:s=78.72,L=1,p=2,t=2,mr=4,fin=None"
6220260803020003,2026-08-04,hiroshima,3,5-3-4/2/7-1-6,5,1-3-4-7-2-6,1-3-4,,1.0,0,"1:s=85.55,L=3,p=2,t=2,mr=1,fin=None | 2:s=80.09,L=2,p=1,t=1,mr=5,fin=None | 3:s=80.40,L=1,p=2,t=4,mr=2,fin=None | 4:s=82.24,L=1,p=3,t=3,mr=3,fin=None | 5:s=81.66,L=1,p=1,t=1,mr=X,fin=None | 6:s=73.92,L=3,p=3,t=2,mr=6,fin=None | 7:s=81.73,L=3,p=1,t=1,mr=4,fin=None"
6220260803020004,2026-08-04,hiroshima,4,7-1-3/6/4-2-5,4,1-2-5-3-7-6,1-2-5,,1.0,0,"1:s=86.55,L=1,p=2,t=2,mr=1,fin=None | 2:s=80.84,L=3,p=2,t=4,mr=2,fin=None | 3:s=80.45,L=1,p=3,t=2,mr=4,fin=None | 4:s=85.42,L=3,p=1,t=1,mr=X,fin=None | 5:s=80.16,L=3,p=3,t=3,mr=3,fin=None | 6:s=76.33,L=2,p=1,t=1,mr=6,fin=None | 7:s=80.70,L=1,p=1,t=1,mr=5,fin=None"
6220260803020005,2026-08-04,hiroshima,5,5-1/3-4-6/7-2,7,1-2-4-6-5-3,1-2-4,,1.0,0,"1:s=98.17,L=1,p=2,t=2,mr=1,fin=None | 2:s=94.42,L=3,p=2,t=4,mr=2,fin=None | 3:s=86.14,L=2,p=1,t=1,mr=6,fin=None | 4:s=90.08,L=2,p=2,t=2,mr=3,fin=None | 5:s=86.43,L=1,p=1,t=1,mr=5,fin=None | 6:s=85.43,L=2,p=3,t=2,mr=4,fin=None | 7:s=91.25,L=3,p=1,t=1,mr=X,fin=None"
6220260803020006,2026-08-04,hiroshima,6,4-1-5/7-2/3-6,4,1-2-5-6-3-7,1-2-5,,1.0,0,"1:s=92.96,L=1,p=2,t=4,mr=1,fin=None | 2:s=94.88,L=2,p=2,t=2,mr=2,fin=None | 3:s=85.88,L=3,p=1,t=1,mr=5,fin=None | 4:s=91.55,L=1,p=1,t=1,mr=X,fin=None | 5:s=87.85,L=1,p=3,t=3,mr=3,fin=None | 6:s=83.12,L=3,p=2,t=2,mr=4,fin=None | 7:s=85.61,L=2,p=1,t=1,mr=6,fin=None"
7320260804010003,2026-08-04,komatsushima,3,7-1/4-2/3-5/6,4,2-3-1-5-7-6,2-3-1|2-3-5,,1.0,0,"1:s=83.37,L=1,p=2,t=2,mr=3,fin=None | 2:s=90.45,L=2,p=2,t=4,mr=1,fin=None | 3:s=88.28,L=3,p=1,t=1,mr=2,fin=None | 4:s=86.35,L=2,p=1,t=1,mr=X,fin=None | 5:s=82.68,L=3,p=2,t=2,mr=4,fin=None | 6:s=79.66,L=4,p=1,t=1,mr=6,fin=None | 7:s=81.90,L=1,p=1,t=1,mr=5,fin=None"
4220260804010001,2026-08-04,nagoya,1,1-7-4/2-5-3/6,1,7-2-4-5-3-6,7-2-4,,1.0,0,"1:s=87.04,L=1,p=1,t=1,mr=X,fin=None | 2:s=87.37,L=2,p=1,t=1,mr=2,fin=None | 3:s=78.66,L=2,p=3,t=2,mr=5,fin=None | 4:s=84.33,L=1,p=3,t=3,mr=3,fin=None | 5:s=83.90,L=2,p=2,t=2,mr=4,fin=None | 6:s=77.80,L=3,p=1,t=1,mr=6,fin=None | 7:s=85.00,L=1,p=2,t=4,mr=1,fin=None"
4220260804010002,2026-08-04,nagoya,2,5-2-3/6/1-4-7,1,4-2-5-7-3-6,4-2-5,,1.0,0,"1:s=82.09,L=3,p=1,t=1,mr=X,fin=None | 2:s=87.45,L=1,p=2,t=2,mr=2,fin=None | 3:s=81.38,L=1,p=3,t=2,mr=5,fin=None | 4:s=87.03,L=3,p=2,t=4,mr=1,fin=None | 5:s=87.91,L=1,p=1,t=1,mr=3,fin=None | 6:s=78.16,L=2,p=1,t=1,mr=6,fin=None | 7:s=82.69,L=3,p=3,t=3,mr=4,fin=None"
4220260804010003,2026-08-04,nagoya,3,5-1-6/4/2-7-3,5,2-1-3-7-4-6,2-1-3|2-1-7,,1.0,0,"1:s=86.88,L=1,p=2,t=4,mr=2,fin=None | 2:s=90.47,L=3,p=1,t=1,mr=1,fin=None | 3:s=84.76,L=3,p=3,t=2,mr=3,fin=None | 4:s=84.00,L=2,p=1,t=1,mr=5,fin=None | 5:s=88.55,L=1,p=1,t=1,mr=X,fin=None | 6:s=78.00,L=1,p=3,t=3,mr=6,fin=None | 7:s=81.80,L=3,p=2,t=2,mr=4,fin=None"
4220260804010004,2026-08-04,nagoya,4,3-2-6/4/7-5-1,7,5-3-1-2-4-6,5-3-1,,1.0,0,"1:s=85.94,L=3,p=3,t=3,mr=3,fin=None | 2:s=82.66,L=1,p=2,t=2,mr=4,fin=None | 3:s=90.25,L=1,p=1,t=1,mr=2,fin=None | 4:s=82.61,L=2,p=1,t=1,mr=5,fin=None | 5:s=88.04,L=3,p=2,t=4,mr=1,fin=None | 6:s=73.16,L=1,p=3,t=2,mr=6,fin=None | 7:s=81.72,L=3,p=1,t=1,mr=X,fin=None"
2620260803020002,2026-08-04,seibuen,2,1-7/4/5-2/3-6,1,7-2-3-5-6-4,7-2-3|7-2-5,,1.0,0,"1:s=85.06,L=1,p=1,t=1,mr=X,fin=None | 2:s=81.26,L=3,p=2,t=2,mr=2,fin=None | 3:s=83.50,L=4,p=1,t=1,mr=3,fin=None | 4:s=76.90,L=2,p=1,t=1,mr=6,fin=None | 5:s=82.72,L=3,p=1,t=1,mr=4,fin=None | 6:s=75.95,L=4,p=2,t=2,mr=5,fin=None | 7:s=80.57,L=1,p=2,t=4,mr=1,fin=None"
2620260803020003,2026-08-04,seibuen,3,6-3/1-5/2-7/4,6,3-2-7-1-5-4,3-2-7,,1.0,0,"1:s=90.22,L=2,p=1,t=1,mr=4,fin=None | 2:s=92.88,L=3,p=1,t=1,mr=2,fin=None | 3:s=92.23,L=1,p=2,t=4,mr=1,fin=None | 4:s=84.84,L=4,p=1,t=1,mr=6,fin=None | 5:s=82.50,L=2,p=2,t=2,mr=5,fin=None | 6:s=82.42,L=1,p=1,t=1,mr=X,fin=None | 7:s=87.70,L=3,p=2,t=2,mr=3,fin=None"
2620260803020005,2026-08-04,seibuen,5,3-7/1-4/5-2-6,5,2-7-3-6-4-1,2-7-3,,1.0,0,"1:s=88.03,L=2,p=1,t=1,mr=6,fin=None | 2:s=94.20,L=3,p=2,t=4,mr=1,fin=None | 3:s=95.07,L=1,p=1,t=1,mr=3,fin=None | 4:s=86.45,L=2,p=2,t=2,mr=5,fin=None | 5:s=97.75,L=3,p=1,t=1,mr=X,fin=None | 6:s=86.00,L=3,p=3,t=3,mr=4,fin=None | 7:s=96.94,L=1,p=2,t=2,mr=2,fin=None"
4820260803020003,2026-08-04,yokkaichi,3,4-3-2/5-1/6/7,4,3-2-1-5-6-7,3-2-1,,1.0,0,"1:s=85.37,L=2,p=2,t=2,mr=3,fin=None | 2:s=83.91,L=1,p=3,t=3,mr=2,fin=None | 3:s=83.77,L=1,p=2,t=4,mr=1,fin=None | 4:s=82.83,L=1,p=1,t=1,mr=X,fin=None | 5:s=82.78,L=2,p=1,t=1,mr=4,fin=None | 6:s=81.61,L=3,p=1,t=1,mr=5,fin=None | 7:s=81.19,L=4,p=1,t=1,mr=6,fin=None"
4820260803020006,2026-08-04,yokkaichi,6,6-2-7/3-1/5-4,3,1-2-4-7-5-6,1-2-4,,1.0,0,"1:s=93.95,L=2,p=2,t=4,mr=1,fin=None | 2:s=92.35,L=1,p=2,t=2,mr=2,fin=None | 3:s=91.72,L=2,p=1,t=1,mr=X,fin=None | 4:s=88.75,L=3,p=2,t=2,mr=3,fin=None | 5:s=86.57,L=3,p=1,t=1,mr=5,fin=None | 6:s=85.87,L=1,p=1,t=1,mr=6,fin=None | 7:s=84.65,L=1,p=3,t=2,mr=4,fin=None"
6220260803030002,2026-08-05,hiroshima,2,1-3-7/4/6-5-2,1,3-5-7-2-4-6,3-5-7,,1.0,0,"1:s=84.81,L=1,p=1,t=1,mr=X,fin=None | 2:s=80.16,L=3,p=3,t=2,mr=4,fin=None | 3:s=84.66,L=1,p=2,t=4,mr=1,fin=None | 4:s=79.30,L=2,p=1,t=1,mr=5,fin=None | 5:s=85.55,L=3,p=2,t=2,mr=2,fin=None | 6:s=78.72,L=3,p=1,t=1,mr=6,fin=None | 7:s=82.08,L=1,p=3,t=3,mr=3,fin=None"
6220260803030004,2026-08-05,hiroshima,4,7-3/1/2-5/6-4,7,5-1-3-4-2-6,5-1-3,,1.0,0,"1:s=90.08,L=2,p=1,t=1,mr=2,fin=None | 2:s=86.43,L=3,p=1,t=1,mr=5,fin=None | 3:s=85.42,L=1,p=2,t=4,mr=3,fin=None | 4:s=85.43,L=4,p=2,t=2,mr=4,fin=None | 5:s=91.66,L=3,p=2,t=2,mr=1,fin=None | 6:s=83.80,L=4,p=1,t=1,mr=6,fin=None | 7:s=85.37,L=1,p=1,t=1,mr=X,fin=None"
6220260803030005,2026-08-05,hiroshima,5,4-2-5/6-1/3-7,4,2-7-3-5-1-6,2-7-3,,1.0,0,"1:s=83.12,L=2,p=2,t=2,mr=5,fin=None | 2:s=98.17,L=1,p=2,t=4,mr=1,fin=None | 3:s=86.14,L=3,p=1,t=1,mr=3,fin=None | 4:s=85.61,L=1,p=1,t=1,mr=X,fin=None | 5:s=81.66,L=1,p=3,t=3,mr=4,fin=None | 6:s=80.79,L=2,p=1,t=1,mr=6,fin=None | 7:s=87.85,L=3,p=2,t=2,mr=2,fin=None"
7320260804020001,2026-08-05,komatsushima,1,6-1-4/2-7/3-5,6,2-1-5-4-7-3,2-1-5,,1.0,0,"1:s=82.30,L=1,p=2,t=4,mr=2,fin=None | 2:s=87.80,L=2,p=1,t=1,mr=1,fin=None | 3:s=81.90,L=3,p=1,t=1,mr=6,fin=None | 4:s=80.73,L=1,p=3,t=3,mr=4,fin=None | 5:s=83.79,L=3,p=2,t=2,mr=3,fin=None | 6:s=75.76,L=1,p=1,t=1,mr=X,fin=None | 7:s=79.66,L=2,p=2,t=2,mr=5,fin=None"
7320260804020002,2026-08-05,komatsushima,2,4-1-7/2-5-3/6,4,1-2-7-5-3-6,1-2-7,,1.0,0,"1:s=85.79,L=1,p=2,t=4,mr=1,fin=None | 2:s=86.35,L=2,p=1,t=1,mr=2,fin=None | 3:s=80.50,L=2,p=3,t=2,mr=5,fin=None | 4:s=83.80,L=1,p=1,t=1,mr=X,fin=None | 5:s=80.71,L=2,p=2,t=2,mr=4,fin=None | 6:s=69.08,L=3,p=1,t=1,mr=6,fin=None | 7:s=81.42,L=1,p=3,t=3,mr=3,fin=None"
7320260804020003,2026-08-05,komatsushima,3,7-1/5-2/6-3/4,6,3-1-2-7-4-5,3-1-2|3-2-1,,1.0,0,"1:s=92.77,L=1,p=2,t=2,mr=2,fin=None | 2:s=91.29,L=2,p=2,t=2,mr=3,fin=None | 3:s=93.77,L=3,p=2,t=4,mr=1,fin=None | 4:s=88.28,L=4,p=1,t=1,mr=5,fin=None | 5:s=87.30,L=2,p=1,t=1,mr=6,fin=None | 6:s=82.79,L=3,p=1,t=1,mr=X,fin=None | 7:s=91.66,L=1,p=1,t=1,mr=4,fin=None"
7320260804020004,2026-08-05,komatsushima,4,5-3/2-7/4-1-6,2,1-5-7-3-4-6,1-5-7,,1.0,0,"1:s=94.16,L=3,p=2,t=2,mr=1,fin=None | 2:s=93.05,L=2,p=1,t=1,mr=X,fin=None | 3:s=87.56,L=1,p=2,t=2,mr=4,fin=None | 4:s=87.23,L=3,p=1,t=1,mr=5,fin=None | 5:s=92.33,L=1,p=1,t=1,mr=2,fin=None | 6:s=82.68,L=3,p=3,t=2,mr=6,fin=None | 7:s=87.91,L=2,p=2,t=4,mr=3,fin=None"
4220260804020001,2026-08-05,nagoya,1,5-1-4-2/7/3/6,5,1-7-4-3-2-6,1-7-4,,1.0,0,"1:s=83.90,L=1,p=2,t=4,mr=1,fin=None | 2:s=78.66,L=1,p=4,t=3,mr=5,fin=None | 3:s=82.61,L=3,p=1,t=1,mr=4,fin=None | 4:s=81.38,L=1,p=3,t=3,mr=3,fin=None | 5:s=87.37,L=1,p=1,t=1,mr=X,fin=None | 6:s=73.16,L=4,p=1,t=1,mr=6,fin=None | 7:s=84.76,L=2,p=1,t=1,mr=2,fin=None"
4220260804020002,2026-08-05,nagoya,2,2-7-4/5-1-3/6,2,3-7-1-5-4-6,3-7-1,,1.0,0,"1:s=81.80,L=2,p=2,t=2,mr=3,fin=None | 2:s=87.91,L=1,p=1,t=1,mr=X,fin=None | 3:s=85.94,L=2,p=3,t=2,mr=1,fin=None | 4:s=78.16,L=1,p=3,t=3,mr=5,fin=None | 5:s=84.00,L=2,p=1,t=1,mr=4,fin=None | 6:s=77.80,L=3,p=1,t=1,mr=6,fin=None | 7:s=82.66,L=1,p=2,t=4,mr=2,fin=None"
4220260804020003,2026-08-05,nagoya,3,5-7-2/4-1-6/3,5,7-1-2-3-4-6,7-1-2,,1.0,0,"1:s=92.73,L=2,p=2,t=2,mr=2,fin=None | 2:s=88.04,L=1,p=3,t=3,mr=3,fin=None | 3:s=90.47,L=3,p=1,t=1,mr=4,fin=None | 4:s=88.55,L=2,p=1,t=1,mr=5,fin=None | 5:s=81.72,L=1,p=1,t=1,mr=X,fin=None | 6:s=78.00,L=2,p=3,t=2,mr=6,fin=None | 7:s=91.47,L=1,p=2,t=4,mr=1,fin=None"
4220260804020004,2026-08-05,nagoya,4,1-5-4/2-7/6-3,1,2-5-3-4-7-6,2-5-3,,1.0,0,"1:s=90.25,L=1,p=1,t=1,mr=X,fin=None | 2:s=95.69,L=2,p=1,t=1,mr=1,fin=None | 3:s=92.67,L=3,p=2,t=2,mr=3,fin=None | 4:s=85.00,L=1,p=3,t=3,mr=4,fin=None | 5:s=91.35,L=1,p=2,t=4,mr=2,fin=None | 6:s=82.09,L=3,p=1,t=1,mr=6,fin=None | 7:s=87.45,L=2,p=2,t=2,mr=5,fin=None"
