race_id,date,venue_slug,race_no,true_line,action,reason,popular_line,target,market_mass,ranking,ambiguity,candidate_orders,bets,bet_odds,bet_count,head_bust,top3_set_match,candidate_order_match,trifecta_hit,cost,pay,actual_order
4320260730030004,2026-08-01,gifu,4,6-1-4/2/7-5/3,SKIP,odds_too_low,1.0,6.0,0.9387348299900388,1-4-3-5-7-2,fixed,1-4-3,,,0,1.0,0,0,0,0,0,3-2-1
4320260730030005,2026-08-01,gifu,5,1/5-4/2/3-7/6,SKIP,target_score_plus_3,2.0,5.0,0.2097154685466988,,,,,,0,1.0,0,0,0,0,0,1-6-3
4320260730030007,2026-08-01,gifu,7,4-1/2/3-5/6/7,BET,eligible,3.0,3.0,0.6727748659928522,1-5-7-2-4-6,third_slot,1-5-7|1-5-2,1-5-2|1-5-7,166.90|91.00,2,1.0,0,0,0,200,0,4-1-5
4320260730030008,2026-08-01,gifu,8,4-7-2/1/3-6/5,SKIP,odds_board_incomplete,,,,,,,,,0,,0,0,0,0,0,4-7-6
4320260730030011,2026-08-01,gifu,11,4-1/6-2/3-5/7,SKIP,odds_too_low,3.0,3.0,0.35670935170653933,2-7-5-4-1-6,fixed,2-7-5,,,0,1.0,1,0,0,0,0,5-2-7
1320260731020001,2026-08-01,iwakitaira,1,7-1-4-6/5-2-3,BET,eligible,1.0,7.0,0.9783159355869627,1-5-4-2-3-6,fixed,1-5-4,1-5-4,43.90,1,0.0,0,0,0,100,0,1-4-7
1320260731020002,2026-08-01,iwakitaira,2,1-7/2-6/5-3-4,BET,eligible,1.0,1.0,0.5727794711669468,7-3-2-4-5-6,fixed,7-3-2,7-3-2,495.70,1,0.0,0,0,0,100,0,7-1-3
1320260731020003,2026-08-01,iwakitaira,3,1-5-3/4-2-7/6,BET,eligible,2.0,4.0,0.8412877458995046,5-1-2-7-3-6,fixed,5-1-2,5-1-2,159.20,1,1.0,0,0,0,100,0,5-6-2
1320260731020004,2026-08-01,iwakitaira,4,6-1/4-7-2/3-5,SKIP,odds_board_incomplete,,,,,,,,,0,,0,0,0,0,0,6-1-3
1320260731020005,2026-08-01,iwakitaira,5,4-1-6/2/3-7-5,BET,eligible,1.0,4.0,1.1585719534610543,1-3-5-6-7-2,fixed,1-3-5,1-3-5,419.40,1,0.0,0,0,0,100,0,4-1-5
2720260731020001,2026-08-01,keiokaku,1,1-2-7/6-3/4/5,SKIP,target_score_plus_3,1.0,1.0,0.822199602865559,,,,,,0,0.0,0,0,0,0,0,1-3-6
2720260731020002,2026-08-01,keiokaku,2,3-1/2-4/5-7/6,BET,eligible,2.0,2.0,0.5822257724955757,4-1-3-5-7-6,third_slot,4-1-3|4-1-5,4-1-5|4-1-3,562.70|206.80,2,0.0,0,0,0,200,0,2-5-4
2720260731020003,2026-08-01,keiokaku,3,7/2-6/3-5/1-4,BET,eligible,4.0,1.0,0.3463207060885063,4-2-3-5-6-7,order_bc,4-2-3|4-3-2,4-3-2,1902.80,1,0.0,0,0,0,100,0,1-7-2
2720260731020004,2026-08-01,keiokaku,4,1-2-4/6-3-5-7,SKIP,ranking_cycle,2.0,6.0,0.8445417528154644,,,,,,0,0.0,0,0,0,0,0,6-3-5
2720260731020005,2026-08-01,keiokaku,5,4-1-5/6-2/7-3,SKIP,odds_board_incomplete,,,,,,,,,0,,0,0,0,0,0,1-4-2
2720260731020006,2026-08-01,keiokaku,6,3-1/4-2/5-6-7,SKIP,odds_board_incomplete,,,,,,,,,0,,0,0,0,0,0,3-2-7
2720260731020007,2026-08-01,keiokaku,7,1-2-5/4-3/7-6,SKIP,odds_board_incomplete,,,,,,,,,0,,0,0,0,0,0,
7420260731020003,2026-08-01,kochi,3,6-1-2-3/4-5,SKIP,popular_line_too_strong,1.0,6.0,1.2976996022137126,,,,,,0,0.0,0,0,0,0,0,6-1-2
7420260731020004,2026-08-01,kochi,4,1-2-7/5/4-3-6,SKIP,odds_board_incomplete,,,,,,,,,0,,0,0,0,0,0,2-3-1
7420260731020005,2026-08-01,kochi,5,4-1/3-2/7-5-6,BET,eligible,2.0,3.0,0.4591727666807644,2-1-5-6-4-7,third_slot,2-1-5|2-1-6,2-1-6|2-1-5,539.50|119.30,2,1.0,0,0,0,200,0,5-6-7
7420260731020006,2026-08-01,kochi,6,5-1-6/2-3/4/7,BET,eligible,1.0,5.0,0.5654163944196426,1-2-3-6-4-7,fixed,1-2-3,1-2-3,31.60,1,1.0,1,0,0,100,0,2-3-1
7420260731020007,2026-08-01,kochi,7,3-1-7/5-4/6-2,SKIP,odds_board_incomplete,,,,,,,,,0,,0,0,0,0,0,1-6-2
8520260731020001,2026-08-01,sasebo,1,1-5/7-3-4/6-2,SKIP,popular_line_too_strong,2.0,7.0,0.9138044545245181,,,,,,0,1.0,0,0,0,0,0,5-1-4
8520260731020002,2026-08-01,sasebo,2,7-2-4-6/5-1-3,SKIP,target_score_plus_3,1.0,7.0,1.176886662337431,,,,,,0,0.0,0,0,0,0,0,2-7-4
8520260731020003,2026-08-01,sasebo,3,5-1/4/6-2/3-7,SKIP,target_score_plus_3,1.0,5.0,0.44636486839280604,,,,,,0,1.0,0,0,0,0,0,7-3-4
8520260731020004,2026-08-01,sasebo,4,1-4-6/5-2/7-3,SKIP,odds_board_incomplete,,,,,,,,,0,,0,0,0,0,0,7-3-2
8520260731020005,2026-08-01,sasebo,5,1-7-3/5/6-4-2,SKIP,target_score_plus_3,1.0,1.0,0.8518759866218683,,,,,,0,1.0,0,0,0,0,0,3-7-4
2120260730030001,2026-08-01,yahiko,1,7-2-5/1-4/6-3,BET,eligible,2.0,1.0,0.44265795521775897,2-4-5-3-7-6,third_slot,2-4-5|2-4-3,2-4-3|2-4-5,93.00|57.80,2,1.0,0,0,0,200,0,6-2-3
2120260730030002,2026-08-01,yahiko,2,1-7-4/5-2/6/3,BET,eligible,1.0,1.0,0.4719775962825978,7-5-4-2-3-6,fixed,7-5-4,7-5-4,32.10,1,0.0,0,0,0,100,0,7-5-1
2120260730030003,2026-08-01,yahiko,3,2-6-5/1/7-3-4,BET,eligible,1.0,2.0,1.0644752855649582,5-3-1-6-4-7,fixed,5-3-1,5-3-1,414.80,1,0.0,0,0,0,100,0,6-5-2
2120260730030004,2026-08-01,yahiko,4,1-4-7/2-5/3-6,BET,eligible,1.0,1.0,0.7880342600815442,4-5-3-2-7-6,third_slot,4-5-3|4-5-2,4-5-3|4-5-2,384.00|268.40,2,0.0,0,0,0,200,0,4-1-3
2120260730030011,2026-08-01,yahiko,11,2-1-7/3-5/4/6,BET,eligible,1.0,2.0,0.8026037473347797,7-5-1-4-3-6,fixed,7-5-1,7-5-1,1353.20,1,1.0,0,0,0,100,0,4-7-6
1320260731030001,2026-08-02,iwakitaira,1,7-1-6/2-4/5-3,SKIP,ranking_cycle,3.0,5.0,0.48861973465312436,,,,,,0,1.0,0,0,0,0,0,3-4-2
1320260731030002,2026-08-02,iwakitaira,2,2-7-1/3-5/4-6,BET,eligible,1.0,2.0,0.8697532078265191,7-1-3-4-5-6,third_slot,7-1-3|7-1-4,7-1-4|7-1-3,62.90|41.60,2,1.0,0,0,0,200,0,4-1-5
1320260731030003,2026-08-02,iwakitaira,3,7-4-1/3/5-2/6,SKIP,target_score_plus_3,1.0,7.0,0.8796855827667647,,,,,,0,0.0,0,0,0,0,0,7-4-1
1320260731030004,2026-08-02,iwakitaira,4,1-4-7/6/3-2-5,BET,eligible,1.0,1.0,0.82156452349115,3-4-2-7-5-6,fixed,3-4-2,3-4-2,152.60,1,0.0,0,0,0,100,0,4-1-7
1320260731030011,2026-08-02,iwakitaira,11,1-7-4/5-2/6-3,BET,eligible,1.0,1.0,1.0603508066079257,7-4-3-5-2-6,fixed,7-4-3,7-4-3,155.40,1,0.0,0,0,0,100,0,7-4-1
2720260731030002,2026-08-02,keiokaku,2,5-1-6/3/2-7/4,BET,eligible,1.0,5.0,1.1490336466960747,1-2-3-6-4-7,order_bc,1-2-3|1-3-2,1-3-2,161.70,1,0.0,0,0,0,100,0,3-6-5
2720260731030003,2026-08-02,keiokaku,3,4-3-7/1-5-2/6,BET,eligible,1.0,4.0,0.6608194391004943,3-2-1-7-5-6,fixed,3-2-1,3-2-1,163.80,1,0.0,0,0,0,100,0,4-1-5
2720260731030004,2026-08-02,keiokaku,4,2-1/5-3/7-4/6,BET,eligible,1.0,2.0,0.694934873376832,1-3-4-5-6-7,order_bc,1-3-4|1-4-3,1-3-4,129.20,1,1.0,0,0,0,100,0,5-4-3
2720260731030005,2026-08-02,keiokaku,5,2-1-7/4-5/6-3,SKIP,odds_board_incomplete,,,,,,,,,0,,0,0,0,0,0,1-7-4
2720260731030006,2026-08-02,keiokaku,6,4-1-6/2-3/7-5,SKIP,odds_board_incomplete,,,,,,,,,0,,0,0,0,0,0,6-4-1
2720260731030007,2026-08-02,keiokaku,7,1-4/6-2/7-3/5,SKIP,target_score_plus_3,1.0,1.0,0.5002913626242478,,,,,,0,1.0,0,0,0,0,0,
7420260731030002,2026-08-02,kochi,2,1-2-3-4/5-6,SKIP,target_score_plus_3,1.0,1.0,1.3160931582330628,,,,,,0,0.0,0,0,0,0,0,2-1-3
7420260731030003,2026-08-02,kochi,3,1-3-2/4-6-7/5,SKIP,target_score_plus_3,1.0,1.0,1.0199636412328206,,,,,,0,0.0,0,0,0,0,0,1-3-4
7420260731030004,2026-08-02,kochi,4,7-1-6/3-5/4-2,BET,eligible,1.0,7.0,0.6685893987602204,1-2-3-4-6-5,third_slot,1-2-3|1-2-4,1-2-3,39.20,1,0.0,0,0,0,100,0,7-1-6
7420260731030005,2026-08-02,kochi,5,7-1/3-5/4-2-6,BET,eligible,3.0,4.0,0.4508431196524981,1-2-5-3-6-7,fixed,1-2-5,1-2-5,144.20,1,0.0,0,0,0,100,0,2-1-4
7420260731030007,2026-08-02,kochi,7,2-7-3/4-1/5/6,SKIP,odds_board_incomplete,,,,,,,,,0,,0,0,0,0,0,
8520260731030001,2026-08-02,sasebo,1,4-5-2/6/3-1-7,BET,eligible,3.0,3.0,0.8042356716522384,1-5-2-7-4-6,order_bc,1-5-2|1-2-5,1-2-5,357.10,1,0.0,0,0,0,100,0,3-1-5
8520260731030002,2026-08-02,sasebo,2,3/4-1/6-5/2-7,SKIP,target_score_plus_3,4.0,2.0,0.3805433834195696,,,,,,0,0.0,0,0,0,0,0,1-3-2
8520260731030003,2026-08-02,sasebo,3,5-1-6/2-7/3-4,BET,eligible,1.0,5.0,0.5420077952727239,2-1-4-7-3-6,third_slot,2-1-4|2-1-7,2-1-4|2-1-7,147.30|45.30,2,1.0,0,0,0,200,0,4-2-7
8520260731030004,2026-08-02,sasebo,4,1-5-6/2-7/4-3,SKIP,target_score_plus_3,1.0,1.0,0.8023782524240249,,,,,,0,0.0,0,0,0,0,0,1-5-6
8520260731030011,2026-08-02,sasebo,11,7-1-3/4/5-2-6,SKIP,popular_line_too_strong,1.0,7.0,0.7749003899148365,,,,,,0,1.0,0,0,0,0,0,1-4-3
6220260803020001,2026-08-04,hiroshima,1,2-6/1-5/4-3,BET,eligible,2.0,1.0,0.6251060270524099,5-3-4-6-2,fixed,5-3-4,5-3-4,475.20,1,1.0,0,0,0,100,0,
6220260803020002,2026-08-04,hiroshima,2,1-7-4/2-5/6-3,SKIP,target_score_plus_3,1.0,1.0,1.0028080510781676,,,,,,0,1.0,0,0,0,0,0,
6220260803020003,2026-08-04,hiroshima,3,5-3-4/2/7-1-6,BET,eligible,1.0,5.0,0.7193505934960508,1-3-4-7-2-6,fixed,1-3-4,1-3-4,164.60,1,1.0,0,0,0,100,0,
6220260803020004,2026-08-04,hiroshima,4,7-1-3/6/4-2-5,BET,eligible,3.0,4.0,0.6006051388147189,1-2-5-3-7-6,fixed,1-2-5,1-2-5,427.70,1,1.0,0,0,0,100,0,
6220260803020005,2026-08-04,hiroshima,5,5-1/3-4-6/7-2,BET,eligible,3.0,7.0,0.5902220730648434,1-2-4-6-5-3,fixed,1-2-4,1-2-4,60.40,1,1.0,0,0,0,100,0,
6220260803020006,2026-08-04,hiroshima,6,4-1-5/7-2/3-6,BET,eligible,1.0,4.0,1.0926605514170806,1-2-5-6-3-7,fixed,1-2-5,1-2-5,82.80,1,1.0,0,0,0,100,0,
6220260803020007,2026-08-04,hiroshima,7,4-3/5-1-7/6-2,SKIP,target_score_plus_3,2.0,5.0,0.7494996478973895,,,,,,0,1.0,0,0,0,0,0,
7320260804010001,2026-08-04,komatsushima,1,1-5-7/4-3/2-6,SKIP,popular_line_too_strong,1.0,1.0,1.2351579894917901,,,,,,0,1.0,0,0,0,0,0,
7320260804010002,2026-08-04,komatsushima,2,1-4/2-5-6/7-3,SKIP,target_score_plus_3,2.0,2.0,0.5421085466789755,,,,,,0,1.0,0,0,0,0,0,
7320260804010003,2026-08-04,komatsushima,3,7-1/4-2/3-5/6,BET,eligible,2.0,4.0,0.7206344475064423,2-3-1-5-7-6,third_slot,2-3-1|2-3-5,2-3-1,60.60,1,1.0,0,0,0,100,0,
7320260804010004,2026-08-04,komatsushima,4,1-7-4/2-5/3-6,SKIP,odds_board_incomplete,,,,,,,,,0,,0,0,0,0,0,
7320260804010005,2026-08-04,komatsushima,5,2-7/4-1/3-5/6,SKIP,target_score_plus_3,2.0,4.0,0.7596088819059555,,,,,,0,1.0,0,0,0,0,0,
4220260804010001,2026-08-04,nagoya,1,1-7-4/2-5-3/6,BET,eligible,1.0,1.0,0.6825121941888685,7-2-4-5-3-6,fixed,7-2-4,7-2-4,131.60,1,1.0,0,0,0,100,0,
4220260804010002,2026-08-04,nagoya,2,5-2-3/6/1-4-7,BET,eligible,3.0,1.0,0.6826648001575352,4-2-5-7-3-6,fixed,4-2-5,4-2-5,46.30,1,1.0,0,0,0,100,0,
4220260804010003,2026-08-04,nagoya,3,5-1-6/4/2-7-3,BET,eligible,1.0,5.0,1.1134147968337913,2-1-3-7-4-6,third_slot,2-1-3|2-1-7,2-1-3|2-1-7,362.80|227.80,2,1.0,0,0,0,200,0,
4220260804010004,2026-08-04,nagoya,4,3-2-6/4/7-5-1,BET,eligible,3.0,7.0,0.9714814522901327,5-3-1-2-4-6,fixed,5-3-1,5-3-1,59.30,1,1.0,0,0,0,100,0,
4220260804010005,2026-08-04,nagoya,5,5-2-7/1/4-3/6,SKIP,ranking_cycle,1.0,5.0,0.5881710145832492,,,,,,0,1.0,0,0,0,0,0,
2620260803020001,2026-08-04,seibuen,1,4-1/2-6/3/5/7,SKIP,odds_board_incomplete,,,,,,,,,0,,0,0,0,0,0,
2620260803020002,2026-08-04,seibuen,2,1-7/4/5-2/3-6,BET,eligible,1.0,1.0,0.42504299481813923,7-2-3-5-6-4,third_slot,7-2-3|7-2-5,7-2-3|7-2-5,1270.10|997.10,2,1.0,0,0,0,200,0,
2620260803020003,2026-08-04,seibuen,3,6-3/1-5/2-7/4,BET,eligible,1.0,6.0,0.44766991946030743,3-2-7-1-5-4,fixed,3-2-7,3-2-7,94.30,1,1.0,0,0,0,100,0,
2620260803020004,2026-08-04,seibuen,4,7-1-4/5-2/3-6,SKIP,target_score_plus_3,1.0,7.0,0.7424537375491321,,,,,,0,1.0,0,0,0,0,0,
2620260803020005,2026-08-04,seibuen,5,3-7/1-4/5-2-6,BET,eligible,3.0,5.0,0.6528248718447023,2-7-3-6-4-1,fixed,2-7-3,2-7-3,285.40,1,1.0,0,0,0,100,0,
4820260803020001,2026-08-04,yokkaichi,1,3-2-5/6-7-1/4,SKIP,odds_board_incomplete,,,,,,,,,0,,0,0,0,0,0,
4820260803020002,2026-08-04,yokkaichi,2,1-2-3/6-4-7/5,SKIP,target_score_plus_3,1.0,1.0,1.2143377322728086,,,,,,0,1.0,0,0,0,0,0,
4820260803020003,2026-08-04,yokkaichi,3,4-3-2/5-1/6/7,BET,eligible,1.0,4.0,0.9162316333418693,3-2-1-5-6-7,fixed,3-2-1,3-2-1,47.40,1,1.0,0,0,0,100,0,
4820260803020004,2026-08-04,yokkaichi,4,1-2-6-3/5-4/7,SKIP,target_score_plus_3,1.0,1.0,1.1948043310465861,,,,,,0,1.0,0,0,0,0,0,
4820260803020005,2026-08-04,yokkaichi,5,2-6-7/1-4/3-5,SKIP,odds_board_incomplete,,,,,,,,,0,,0,0,0,0,0,
4820260803020006,2026-08-04,yokkaichi,6,6-2-7/3-1/5-4,BET,eligible,2.0,3.0,0.7059976336857484,1-2-4-7-5-6,fixed,1-2-4,1-2-4,300.80,1,1.0,0,0,0,100,0,
4820260803020007,2026-08-04,yokkaichi,7,3-2-6/1-4/5-7,SKIP,odds_too_low,1.0,3.0,0.5765143439768358,1-2-4-6-5-7,fixed,1-2-4,,,0,1.0,0,0,0,0,0,
6220260803030001,2026-08-05,hiroshima,1,5-1-7/6-2-3-4,SKIP,popular_line_too_strong,1.0,5.0,0.7346396198300839,,,,,,0,1.0,0,0,0,0,0,
6220260803030002,2026-08-05,hiroshima,2,1-3-7/4/6-5-2,BET,eligible,1.0,1.0,1.0679503047844987,3-5-7-2-4-6,fixed,3-5-7,3-5-7,82.00,1,1.0,0,0,0,100,0,
6220260803030003,2026-08-05,hiroshima,3,1-4/5-2-7/6-3,SKIP,target_score_plus_3,2.0,5.0,1.0677815867506495,,,,,,0,1.0,0,0,0,0,0,
6220260803030004,2026-08-05,hiroshima,4,7-3/1/2-5/6-4,BET,eligible,1.0,7.0,0.444040610078687,5-1-3-4-2-6,fixed,5-1-3,5-1-3,70.50,1,1.0,0,0,0,100,0,
6220260803030005,2026-08-05,hiroshima,5,4-2-5/6-1/3-7,BET,eligible,1.0,4.0,0.7709928645855146,2-7-3-5-1-6,fixed,2-7-3,2-7-3,30.90,1,1.0,0,0,0,100,0,
6220260803030006,2026-08-05,hiroshima,6,4-1-5/2-7/3-6,SKIP,target_score_plus_3,1.0,4.0,0.9206844151114613,,,,,,0,1.0,0,0,0,0,0,
6220260803030007,2026-08-05,hiroshima,7,3-1-7-4/2-6-5,SKIP,odds_too_low,1.0,3.0,1.076416871162993,1-7-4-5-6-2,order_bc,1-7-4|1-4-7,,,0,1.0,0,0,0,0,0,
7320260804020001,2026-08-05,komatsushima,1,6-1-4/2-7/3-5,BET,eligible,1.0,6.0,0.8208881712781786,2-1-5-4-7-3,fixed,2-1-5,2-1-5,54.20,1,1.0,0,0,0,100,0,
7320260804020002,2026-08-05,komatsushima,2,4-1-7/2-5-3/6,BET,eligible,1.0,4.0,0.8572193016279515,1-2-7-5-3-6,fixed,1-2-7,1-2-7,33.10,1,1.0,0,0,0,100,0,
7320260804020003,2026-08-05,komatsushima,3,7-1/5-2/6-3/4,BET,eligible,3.0,6.0,0.38422323610430503,3-1-2-7-4-5,order_bc,3-1-2|3-2-1,3-2-1,343.90,1,1.0,0,0,0,100,0,
7320260804020004,2026-08-05,komatsushima,4,5-3/2-7/4-1-6,BET,eligible,2.0,2.0,0.5338830334580382,1-5-7-3-4-6,fixed,1-5-7,1-5-7,190.10,1,1.0,0,0,0,100,0,
7320260804020005,2026-08-05,komatsushima,5,4-2/7-1/5/3-6,SKIP,target_score_plus_3,2.0,7.0,1.015090757322033,,,,,,0,1.0,0,0,0,0,0,
4220260804020001,2026-08-05,nagoya,1,5-1-4-2/7/3/6,BET,eligible,1.0,5.0,1.1322948411125002,1-7-4-3-2-6,fixed,1-7-4,1-7-4,406.10,1,1.0,0,0,0,100,0,
4220260804020002,2026-08-05,nagoya,2,2-7-4/5-1-3/6,BET,eligible,1.0,2.0,0.889297707167192,3-7-1-5-4-6,fixed,3-7-1,3-7-1,546.50,1,1.0,0,0,0,100,0,
4220260804020003,2026-08-05,nagoya,3,5-7-2/4-1-6/3,BET,eligible,1.0,5.0,0.9686285008660911,7-1-2-3-4-6,fixed,7-1-2,7-1-2,68.90,1,1.0,0,0,0,100,0,
4220260804020004,2026-08-05,nagoya,4,1-5-4/2-7/6-3,BET,eligible,1.0,1.0,0.7859910075558258,2-5-3-4-7-6,fixed,2-5-3,2-5-3,67.10,1,1.0,0,0,0,100,0,
4220260804020005,2026-08-05,nagoya,5,4-2-7/1-5-6/3,SKIP,ranking_cycle,2.0,1.0,0.7161753934799397,,,,,,0,1.0,0,0,0,0,0,
