race_id,date,venue,race_no,line,target,result_source,head_bust,ranking,ambiguity,candidate_orders,natural_priority_order,bets,bet_odds,actual,set_match,natural_order_match,candidate_order_match,bet_order_match,stake,pay
4320260730030007,2026-08-01,gifu,7,4-1/2/3-5/6/7,3,monthly,1,1-5-7-2-4-6,third_slot,1-5-7|1-5-2,1-5-7,1-5-2|1-5-7,166.90|91.00,4-1-5,0,0,0,0,200,0
1320260731020001,2026-08-01,iwakitaira,1,7-1-4-6/5-2-3,7,monthly,0,1-5-4-2-3-6,fixed,1-5-4,1-5-4,1-5-4,43.90,1-4-7,0,0,0,0,100,0
1320260731020002,2026-08-01,iwakitaira,2,1-7/2-6/5-3-4,1,monthly,0,7-3-2-4-5-6,fixed,7-3-2,7-3-2,7-3-2,495.70,7-1-3,0,0,0,0,100,0
1320260731020003,2026-08-01,iwakitaira,3,1-5-3/4-2-7/6,4,monthly,1,5-1-2-7-3-6,fixed,5-1-2,5-1-2,5-1-2,159.20,5-6-2,0,0,0,0,100,0
1320260731020005,2026-08-01,iwakitaira,5,4-1-6/2/3-7-5,4,monthly,0,1-3-5-6-7-2,fixed,1-3-5,1-3-5,1-3-5,419.40,4-1-5,0,0,0,0,100,0
2720260731020002,2026-08-01,keiokaku,2,3-1/2-4/5-7/6,2,monthly,0,4-1-3-5-7-6,third_slot,4-1-3|4-1-5,4-1-3,4-1-5|4-1-3,562.70|206.80,2-5-4,0,0,0,0,200,0
2720260731020003,2026-08-01,keiokaku,3,7/2-6/3-5/1-4,1,monthly,0,4-2-3-5-6-7,order_bc,4-2-3|4-3-2,4-2-3,4-3-2,1902.80,1-7-2,0,0,0,0,100,0
7420260731020005,2026-08-01,kochi,5,4-1/3-2/7-5-6,3,monthly,1,2-1-5-6-4-7,third_slot,2-1-5|2-1-6,2-1-5,2-1-6|2-1-5,539.50|119.30,5-6-7,0,0,0,0,200,0
7420260731020006,2026-08-01,kochi,6,5-1-6/2-3/4/7,5,monthly,1,1-2-3-6-4-7,fixed,1-2-3,1-2-3,1-2-3,31.60,2-3-1,1,0,0,0,100,0
2120260730030001,2026-08-01,yahiko,1,7-2-5/1-4/6-3,1,monthly,1,2-4-5-3-7-6,third_slot,2-4-5|2-4-3,2-4-5,2-4-3|2-4-5,93.00|57.80,6-2-3,0,0,0,0,200,0
2120260730030002,2026-08-01,yahiko,2,1-7-4/5-2/6/3,1,monthly,0,7-5-4-2-3-6,fixed,7-5-4,7-5-4,7-5-4,32.10,7-5-1,0,0,0,0,100,0
2120260730030003,2026-08-01,yahiko,3,2-6-5/1/7-3-4,2,monthly,0,5-3-1-6-4-7,fixed,5-3-1,5-3-1,5-3-1,414.80,6-5-2,0,0,0,0,100,0
2120260730030004,2026-08-01,yahiko,4,1-4-7/2-5/3-6,1,monthly,0,4-5-3-2-7-6,third_slot,4-5-3|4-5-2,4-5-3,4-5-3|4-5-2,384.00|268.40,4-1-3,0,0,0,0,200,0
2120260730030011,2026-08-01,yahiko,11,2-1-7/3-5/4/6,2,monthly,1,7-5-1-4-3-6,fixed,7-5-1,7-5-1,7-5-1,1353.20,4-7-6,0,0,0,0,100,0
1320260731030002,2026-08-02,iwakitaira,2,2-7-1/3-5/4-6,2,monthly,1,7-1-3-4-5-6,third_slot,7-1-3|7-1-4,7-1-3,7-1-4|7-1-3,62.90|41.60,4-1-5,0,0,0,0,200,0
1320260731030004,2026-08-02,iwakitaira,4,1-4-7/6/3-2-5,1,monthly,0,3-4-2-7-5-6,fixed,3-4-2,3-4-2,3-4-2,152.60,4-1-7,0,0,0,0,100,0
1320260731030011,2026-08-02,iwakitaira,11,1-7-4/5-2/6-3,1,monthly,0,7-4-3-5-2-6,fixed,7-4-3,7-4-3,7-4-3,155.40,7-4-1,0,0,0,0,100,0
2720260731030002,2026-08-02,keiokaku,2,5-1-6/3/2-7/4,5,monthly,0,1-2-3-6-4-7,order_bc,1-2-3|1-3-2,1-2-3,1-3-2,161.70,3-6-5,0,0,0,0,100,0
2720260731030003,2026-08-02,keiokaku,3,4-3-7/1-5-2/6,4,monthly,0,3-2-1-7-5-6,fixed,3-2-1,3-2-1,3-2-1,163.80,4-1-5,0,0,0,0,100,0
2720260731030004,2026-08-02,keiokaku,4,2-1/5-3/7-4/6,2,monthly,1,1-3-4-5-6-7,order_bc,1-3-4|1-4-3,1-3-4,1-3-4,129.20,5-4-3,0,0,0,0,100,0
7420260731030004,2026-08-02,kochi,4,7-1-6/3-5/4-2,7,monthly,0,1-2-3-4-6-5,third_slot,1-2-3|1-2-4,1-2-3,1-2-3,39.20,7-1-6,0,0,0,0,100,0
7420260731030005,2026-08-02,kochi,5,7-1/3-5/4-2-6,4,monthly,0,1-2-5-3-6-7,fixed,1-2-5,1-2-5,1-2-5,144.20,2-1-4,0,0,0,0,100,0
8520260731030001,2026-08-02,sasebo,1,4-5-2/6/3-1-7,3,monthly,0,1-5-2-7-4-6,order_bc,1-5-2|1-2-5,1-5-2,1-2-5,357.10,3-1-5,0,0,0,0,100,0
8520260731030003,2026-08-02,sasebo,3,5-1-6/2-7/3-4,5,monthly,1,2-1-4-7-3-6,third_slot,2-1-4|2-1-7,2-1-4,2-1-4|2-1-7,147.30|45.30,4-2-7,0,0,0,0,200,0
6220260803020001,2026-08-04,hiroshima,1,2-6/1-5/4-3,1,repair,0,5-3-4-6-2,fixed,5-3-4,5-3-4,5-3-4,475.20,2-1-5,0,0,0,0,100,0
6220260803020003,2026-08-04,hiroshima,3,5-3-4/2/7-1-6,5,repair,0,1-3-4-7-2-6,fixed,1-3-4,1-3-4,1-3-4,164.60,5-4-3,0,0,0,0,100,0
6220260803020004,2026-08-04,hiroshima,4,7-1-3/6/4-2-5,4,repair,0,1-2-5-3-7-6,fixed,1-2-5,1-2-5,1-2-5,427.70,7-4-1,0,0,0,0,100,0
6220260803020005,2026-08-04,hiroshima,5,5-1/3-4-6/7-2,7,repair,0,1-2-4-6-5-3,fixed,1-2-4,1-2-4,1-2-4,60.40,7-2-1,0,0,0,0,100,0
6220260803020006,2026-08-04,hiroshima,6,4-1-5/7-2/3-6,4,repair,0,1-2-5-6-3-7,fixed,1-2-5,1-2-5,1-2-5,82.80,4-1-5,0,0,0,0,100,0
7320260804010003,2026-08-04,komatsushima,3,7-1/4-2/3-5/6,4,repair,1,2-3-1-5-7-6,third_slot,2-3-1|2-3-5,2-3-1,2-3-1,60.60,5-2-3,1,0,0,0,100,0
4220260804010001,2026-08-04,nagoya,1,1-7-4/2-5-3/6,1,repair,0,7-2-4-5-3-6,fixed,7-2-4,7-2-4,7-2-4,131.60,1-7-4,0,0,0,0,100,0
4220260804010002,2026-08-04,nagoya,2,5-2-3/6/1-4-7,1,repair,0,4-2-5-7-3-6,fixed,4-2-5,4-2-5,4-2-5,46.30,4-7-1,0,0,0,0,100,0
4220260804010003,2026-08-04,nagoya,3,5-1-6/4/2-7-3,5,repair,0,2-1-3-7-4-6,third_slot,2-1-3|2-1-7,2-1-3,2-1-3|2-1-7,362.80|227.80,1-5-6,0,0,0,0,200,0
4220260804010004,2026-08-04,nagoya,4,3-2-6/4/7-5-1,7,repair,0,5-3-1-2-4-6,fixed,5-3-1,5-3-1,5-3-1,59.30,7-5-3,0,0,0,0,100,0
2620260803020002,2026-08-04,seibuen,2,1-7/4/5-2/3-6,1,repair,0,7-2-3-5-6-4,third_slot,7-2-3|7-2-5,7-2-3,7-2-3|7-2-5,1270.10|997.10,3-1-6,0,0,0,0,200,0
2620260803020003,2026-08-04,seibuen,3,6-3/1-5/2-7/4,6,repair,0,3-2-7-1-5-4,fixed,3-2-7,3-2-7,3-2-7,94.30,5-4-6,0,0,0,0,100,0
2620260803020005,2026-08-04,seibuen,5,3-7/1-4/5-2-6,5,repair,0,2-7-3-6-4-1,fixed,2-7-3,2-7-3,2-7-3,285.40,5-7-3,0,0,0,0,100,0
4820260803020003,2026-08-04,yokkaichi,3,4-3-2/5-1/6/7,4,repair,0,3-2-1-5-6-7,fixed,3-2-1,3-2-1,3-2-1,47.40,4-6-1,0,0,0,0,100,0
4820260803020006,2026-08-04,yokkaichi,6,6-2-7/3-1/5-4,3,repair,0,1-2-4-7-5-6,fixed,1-2-4,1-2-4,1-2-4,300.80,6-3-2,0,0,0,0,100,0
6220260803030002,2026-08-05,hiroshima,2,1-3-7/4/6-5-2,1,repair,0,3-5-7-2-4-6,fixed,3-5-7,3-5-7,3-5-7,82.00,3-1-7,0,0,0,0,100,0
6220260803030004,2026-08-05,hiroshima,4,7-3/1/2-5/6-4,7,repair,1,5-1-3-4-2-6,fixed,5-1-3,5-1-3,5-1-3,70.50,1-3-5,1,0,0,0,100,0
6220260803030005,2026-08-05,hiroshima,5,4-2-5/6-1/3-7,4,repair,1,2-7-3-5-1-6,fixed,2-7-3,2-7-3,2-7-3,30.90,2-3-7,1,0,0,0,100,0
7320260804020001,2026-08-05,komatsushima,1,6-1-4/2-7/3-5,6,repair,0,2-1-5-4-7-3,fixed,2-1-5,2-1-5,2-1-5,54.20,6-4-7,0,0,0,0,100,0
7320260804020002,2026-08-05,komatsushima,2,4-1-7/2-5-3/6,4,repair,1,1-2-7-5-3-6,fixed,1-2-7,1-2-7,1-2-7,33.10,2-7-1,1,0,0,0,100,0
7320260804020003,2026-08-05,komatsushima,3,7-1/5-2/6-3/4,6,repair,0,3-1-2-7-4-5,order_bc,3-1-2|3-2-1,3-1-2,3-2-1,343.90,4-6-3,0,0,0,0,100,0
7320260804020004,2026-08-05,komatsushima,4,5-3/2-7/4-1-6,2,repair,1,1-5-7-3-4-6,fixed,1-5-7,1-5-7,1-5-7,190.10,4-5-1,0,0,0,0,100,0
4220260804020001,2026-08-05,nagoya,1,5-1-4-2/7/3/6,5,repair,0,1-7-4-3-2-6,fixed,1-7-4,1-7-4,1-7-4,406.10,5-1-4,0,0,0,0,100,0
4220260804020002,2026-08-05,nagoya,2,2-7-4/5-1-3/6,2,repair,1,3-7-1-5-4-6,fixed,3-7-1,3-7-1,3-7-1,546.50,3-5-1,0,0,0,0,100,0
4220260804020003,2026-08-05,nagoya,3,5-7-2/4-1-6/3,5,repair,0,7-1-2-3-4-6,fixed,7-1-2,7-1-2,7-1-2,68.90,5-1-7,0,0,0,0,100,0
4220260804020004,2026-08-05,nagoya,4,1-5-4/2-7/6-3,1,repair,1,2-5-3-4-7-6,fixed,2-5-3,2-5-3,2-5-3,67.10,2-6-5,0,0,0,0,100,0
