month,race_id,product,selected_set,actual,stake,pay,hit
2024_01,3520240101030001,MKT1,2-3-7,1-4-3,100,0,0
2024_01,3520240101030001,BOX6,2-3-7,1-4-3,600,0,0
2024_01,3520240101030001,TRIO,2-3-7,1-4-3,100,0,0
2024_01,3520240101010002,MKT1,4-5-7,5-7-4,100,0,0
2024_01,3520240101010002,BOX6,4-5-7,5-7-4,600,3960,1
2024_01,3520240101010002,TRIO,4-5-7,5-7-4,100,680,1
2024_01,3520240101020002,MKT1,2-5-7,6-5-3,100,0,0
2024_01,3520240101020002,BOX6,2-5-7,6-5-3,600,0,0
2024_01,3520240101020002,TRIO,2-5-7,6-5-3,100,0,0
2024_01,3520240101030002,MKT1,2-5-7,5-2-1,100,0,0
2024_01,3520240101030002,BOX6,2-5-7,5-2-1,600,0,0
2024_01,3520240101030002,TRIO,2-5-7,5-2-1,100,0,0
2024_01,3520240101040002,MKT1,1-3-5,5-4-2,100,0,0
2024_01,3520240101040002,BOX6,1-3-5,5-4-2,600,0,0
2024_01,3520240101040002,TRIO,1-3-5,5-4-2,100,0,0
2024_01,3520240101010003,MKT1,1-4-7,4-1-3,100,0,0
2024_01,3520240101010003,BOX6,1-4-7,4-1-3,600,0,0
2024_01,3520240101010003,TRIO,1-4-7,4-1-3,100,0,0
2024_01,3520240101020003,MKT1,3-4-5,3-4-6,100,0,0
2024_01,3520240101020003,BOX6,3-4-5,3-4-6,600,0,0
2024_01,3520240101020003,TRIO,3-4-5,3-4-6,100,0,0
2024_01,3520240101030003,MKT1,1-2-5,2-7-1,100,0,0
2024_01,3520240101030003,BOX6,1-2-5,2-7-1,600,0,0
2024_01,3520240101030003,TRIO,1-2-5,2-7-1,100,0,0
2024_01,3520240101020004,MKT1,1-2-5,2-5-1,100,0,0
2024_01,3520240101020004,BOX6,1-2-5,2-5-1,600,500,1
2024_01,3520240101020004,TRIO,1-2-5,2-5-1,100,340,1
2024_01,3520240101030004,MKT1,1-5-7,7-5-4,100,0,0
2024_01,3520240101030004,BOX6,1-5-7,7-5-4,600,0,0
2024_01,3520240101030004,TRIO,1-5-7,7-5-4,100,0,0
2024_01,3520240101040004,MKT1,1-3-7,6-1-2,100,0,0
2024_01,3520240101040004,BOX6,1-3-7,6-1-2,600,0,0
2024_01,3520240101040004,TRIO,1-3-7,6-1-2,100,0,0
2024_01,3520240101030005,MKT1,3-5-7,3-2-7,100,0,0
2024_01,3520240101030005,BOX6,3-5-7,3-2-7,600,0,0
2024_01,3520240101030005,TRIO,3-5-7,3-2-7,100,0,0
2024_01,2720240101010001,MKT1,2-3-7,2-5-3,100,0,0
2024_01,2720240101010001,BOX6,2-3-7,2-5-3,600,0,0
2024_01,2720240101010001,TRIO,2-3-7,2-5-3,100,0,0
2024_01,2720240101020001,MKT1,3-4-5,4-1-5,100,0,0
2024_01,2720240101020001,BOX6,3-4-5,4-1-5,600,0,0
2024_01,2720240101020001,TRIO,3-4-5,4-1-5,100,0,0
2024_01,2720240101010002,MKT1,1-2-7,4-2-1,100,0,0
2024_01,2720240101010002,BOX6,1-2-7,4-2-1,600,0,0
2024_01,2720240101010002,TRIO,1-2-7,4-2-1,100,0,0
2024_01,2720240101020002,MKT1,1-3-7,4-6-7,100,0,0
2024_01,2720240101020002,BOX6,1-3-7,4-6-7,600,0,0
2024_01,2720240101020002,TRIO,1-3-7,4-6-7,100,0,0
2024_01,2720240101030002,MKT1,1-2-3,1-5-3,100,0,0
2024_01,2720240101030002,BOX6,1-2-3,1-5-3,600,0,0
2024_01,2720240101030002,TRIO,1-2-3,1-5-3,100,0,0
2024_01,2720240101030003,MKT1,2-4-5,1-4-6,100,0,0
2024_01,2720240101030003,BOX6,2-4-5,1-4-6,600,0,0
2024_01,2720240101030003,TRIO,2-4-5,1-4-6,100,0,0
2024_01,2720240101010004,MKT1,1-3-4,7-1-3,100,0,0
2024_01,2720240101010004,BOX6,1-3-4,7-1-3,600,0,0
2024_01,2720240101010004,TRIO,1-3-4,7-1-3,100,0,0
2024_01,2720240101010005,MKT1,1-4-7,1-7-6,100,0,0
2024_01,2720240101010005,BOX6,1-4-7,1-7-6,600,0,0
2024_01,2720240101010005,TRIO,1-4-7,1-7-6,100,0,0
2024_01,2720240101030011,MKT1,1-3-7,2-1-5,100,0,0
2024_01,2720240101030011,BOX6,1-3-7,2-1-5,600,0,0
2024_01,2720240101030011,TRIO,1-3-7,2-1-5,100,0,0
2024_01,8520240101020003,MKT1,1-2-3,5-4-3,100,0,0
2024_01,8520240101020003,BOX6,1-2-3,5-4-3,600,0,0
2024_01,8520240101020003,TRIO,1-2-3,5-4-3,100,0,0
2024_01,8520240101030003,MKT1,1-2-3,6-1-2,100,0,0
2024_01,8520240101030003,BOX6,1-2-3,6-1-2,600,0,0
2024_01,8520240101030003,TRIO,1-2-3,6-1-2,100,0,0
2024_01,8520240101020005,MKT1,1-2-3,1-2-4,100,0,0
2024_01,8520240101020005,BOX6,1-2-3,1-2-4,600,0,0
2024_01,8520240101020005,TRIO,1-2-3,1-2-4,100,0,0
2024_01,8520240101010007,MKT1,1-2-5,7-3-2,100,0,0
2024_01,8520240101010007,BOX6,1-2-5,7-3-2,600,0,0
2024_01,8520240101010007,TRIO,1-2-5,7-3-2,100,0,0
2024_01,8520240101020007,MKT1,1-2-3,1-2-4,100,0,0
2024_01,8520240101020007,BOX6,1-2-3,1-2-4,600,0,0
2024_01,8520240101020007,TRIO,1-2-3,1-2-4,100,0,0
2024_01,8520240101030007,MKT1,1-2-5,3-7-5,100,0,0
2024_01,8520240101030007,BOX6,1-2-5,3-7-5,600,0,0
2024_01,8520240101030007,TRIO,1-2-5,3-7-5,100,0,0
2024_01,2420240101020008,MKT1,2-4-7,3-7-2,100,0,0
2024_01,2420240101020008,BOX6,2-4-7,3-7-2,600,0,0
2024_01,2420240101020008,TRIO,2-4-7,3-7-2,100,0,0
2024_01,2420240101030008,MKT1,1-4-7,7-3-6,100,0,0
2024_01,2420240101030008,BOX6,1-4-7,7-3-6,600,0,0
2024_01,2420240101030008,TRIO,1-4-7,7-3-6,100,0,0
2024_01,2420240101020010,MKT1,1-2-7,1-2-5,100,0,0
2024_01,2420240101020010,BOX6,1-2-7,1-2-5,600,0,0
2024_01,2420240101020010,TRIO,1-2-7,1-2-5,100,0,0
2024_01,2420240101020011,MKT1,1-4-5,4-1-5,100,0,0
2024_01,2420240101020011,BOX6,1-4-5,4-1-5,600,770,1
2024_01,2420240101020011,TRIO,1-4-5,4-1-5,100,280,1
2024_01,2420240101020012,MKT1,2-5-7,7-2-4,100,0,0
2024_01,2420240101020012,BOX6,2-5-7,7-2-4,600,0,0
2024_01,2420240101020012,TRIO,2-5-7,7-2-4,100,0,0
2024_01,8620240103020001,MKT1,1-2-5,2-4-3,100,0,0
2024_01,8620240103020001,BOX6,1-2-5,2-4-3,600,0,0
2024_01,8620240103020001,TRIO,1-2-5,2-4-3,100,0,0
2024_01,8620240103010002,MKT1,4-5-7,1-4-3,100,0,0
2024_01,8620240103010002,BOX6,4-5-7,1-4-3,600,0,0
2024_01,8620240103010002,TRIO,4-5-7,1-4-3,100,0,0
2024_01,8620240103020002,MKT1,1-2-5,2-5-1,100,0,0
2024_01,8620240103020002,BOX6,1-2-5,2-5-1,600,2620,1
2024_01,8620240103020002,TRIO,1-2-5,2-5-1,100,1110,1
2024_01,8620240103010003,MKT1,1-2-5,1-4-5,100,0,0
2024_01,8620240103010003,BOX6,1-2-5,1-4-5,600,0,0
2024_01,8620240103010003,TRIO,1-2-5,1-4-5,100,0,0
2024_01,8620240103020003,MKT1,1-2-5,1-5-2,100,5130,1
2024_01,8620240103020003,BOX6,1-2-5,1-5-2,600,5130,1
2024_01,8620240103020003,TRIO,1-2-5,1-5-2,100,260,1
2024_01,8620240103010004,MKT1,3-4-5,1-3-5,100,0,0
2024_01,8620240103010004,BOX6,3-4-5,1-3-5,600,0,0
2024_01,8620240103010004,TRIO,3-4-5,1-3-5,100,0,0
2024_02,4320240201010008,MKT1,3-4-5,2-1-5,100,0,0
2024_02,4320240201010008,BOX6,3-4-5,2-1-5,600,0,0
2024_02,4320240201010008,TRIO,3-4-5,2-1-5,100,0,0
2024_02,4320240201020008,MKT1,3-5-7,5-1-4,100,0,0
2024_02,4320240201020008,BOX6,3-5-7,5-1-4,600,0,0
2024_02,4320240201020008,TRIO,3-5-7,5-1-4,100,0,0
2024_02,4320240201010009,MKT1,1-3-7,7-4-3,100,0,0
2024_02,4320240201010009,BOX6,1-3-7,7-4-3,600,0,0
2024_02,4320240201010009,TRIO,1-3-7,7-4-3,100,0,0
2024_02,4320240201030009,MKT1,2-5-7,7-2-4,100,0,0
2024_02,4320240201030009,BOX6,2-5-7,7-2-4,600,0,0
2024_02,4320240201030009,TRIO,2-5-7,7-2-4,100,0,0
2024_02,4320240201020010,MKT1,1-2-4,3-2-4,100,0,0
2024_02,4320240201020010,BOX6,1-2-4,3-2-4,600,0,0
2024_02,4320240201020010,TRIO,1-2-4,3-2-4,100,0,0
2024_02,4320240201010012,MKT1,1-4-5,1-4-3,100,0,0
2024_02,4320240201010012,BOX6,1-4-5,1-4-3,600,0,0
2024_02,4320240201010012,TRIO,1-4-5,1-4-3,100,0,0
2024_02,4320240201020012,MKT1,1-4-5,5-1-4,100,0,0
2024_02,4320240201020012,BOX6,1-4-5,5-1-4,600,460,1
2024_02,4320240201020012,TRIO,1-4-5,5-1-4,100,190,1
2024_02,7320240201020001,MKT1,2-5-7,2-7-6,100,0,0
2024_02,7320240201020001,BOX6,2-5-7,2-7-6,600,0,0
2024_02,7320240201020001,TRIO,2-5-7,2-7-6,100,0,0
2024_02,7320240201030001,MKT1,2-5-7,7-3-4,100,0,0
2024_02,7320240201030001,BOX6,2-5-7,7-3-4,600,0,0
2024_02,7320240201030001,TRIO,2-5-7,7-3-4,100,0,0
2024_02,7320240201020002,MKT1,2-4-5,1-3-5,100,0,0
2024_02,7320240201020002,BOX6,2-4-5,1-3-5,600,0,0
2024_02,7320240201020002,TRIO,2-4-5,1-3-5,100,0,0
2024_02,7320240201030002,MKT1,2-3-7,2-3-6,100,0,0
2024_02,7320240201030002,BOX6,2-3-7,2-3-6,600,0,0
2024_02,7320240201030002,TRIO,2-3-7,2-3-6,100,0,0
2024_02,7320240201010005,MKT1,1-3-4,5-1-4,100,0,0
2024_02,7320240201010005,BOX6,1-3-4,5-1-4,600,0,0
2024_02,7320240201010005,TRIO,1-3-4,5-1-4,100,0,0
2024_02,7320240201020005,MKT1,1-3-7,1-3-4,100,0,0
2024_02,7320240201020005,BOX6,1-3-7,1-3-4,600,0,0
2024_02,7320240201020005,TRIO,1-3-7,1-3-4,100,0,0
2024_02,1320240202020001,MKT1,1-2-5,2-3-6,100,0,0
2024_02,1320240202020001,BOX6,1-2-5,2-3-6,600,0,0
2024_02,1320240202020001,TRIO,1-2-5,2-3-6,100,0,0
2024_02,1320240202010002,MKT1,1-3-5,4-5-1,100,0,0
2024_02,1320240202010002,BOX6,1-3-5,4-5-1,600,0,0
2024_02,1320240202010002,TRIO,1-3-5,4-5-1,100,0,0
2024_02,1320240202020002,MKT1,3-4-7,7-1-3,100,0,0
2024_02,1320240202020002,BOX6,3-4-7,7-1-3,600,0,0
2024_02,1320240202020002,TRIO,3-4-7,7-1-3,100,0,0
2024_02,1320240202010003,MKT1,1-2-4,7-2-4,100,0,0
2024_02,1320240202010003,BOX6,1-2-4,7-2-4,600,0,0
2024_02,1320240202010003,TRIO,1-2-4,7-2-4,100,0,0
2024_02,1320240202020003,MKT1,1-2-4,1-2-7,100,0,0
2024_02,1320240202020003,BOX6,1-2-4,1-2-7,600,0,0
2024_02,1320240202020003,TRIO,1-2-4,1-2-7,100,0,0
2024_02,1320240202030003,MKT1,2-3-7,3-7-4,100,0,0
2024_02,1320240202030003,BOX6,2-3-7,3-7-4,600,0,0
2024_02,1320240202030003,TRIO,2-3-7,3-7-4,100,0,0
2024_02,1320240202010004,MKT1,3-4-7,4-3-7,100,0,0
2024_02,1320240202010004,BOX6,3-4-7,4-3-7,600,10930,1
2024_02,1320240202010004,TRIO,3-4-7,4-3-7,100,2760,1
2024_02,1320240202020004,MKT1,4-5-7,3-5-7,100,0,0
2024_02,1320240202020004,BOX6,4-5-7,3-5-7,600,0,0
2024_02,1320240202020004,TRIO,4-5-7,3-5-7,100,0,0
2024_02,1320240202010005,MKT1,2-5-7,4-3-1,100,0,0
2024_02,1320240202010005,BOX6,2-5-7,4-3-1,600,0,0
2024_02,1320240202010005,TRIO,2-5-7,4-3-1,100,0,0
2024_02,1320240202020005,MKT1,1-4-7,1-5-7,100,0,0
2024_02,1320240202020005,BOX6,1-4-7,1-5-7,600,0,0
2024_02,1320240202020005,TRIO,1-4-7,1-5-7,100,0,0
2024_02,1320240202030011,MKT1,1-3-7,4-2-5,100,0,0
2024_02,1320240202030011,BOX6,1-3-7,4-2-5,600,0,0
2024_02,1320240202030011,TRIO,1-3-7,4-2-5,100,0,0
2024_02,7520240203030008,MKT1,3-4-5,5-4-3,100,0,0
2024_02,7520240203030008,BOX6,3-4-5,5-4-3,600,5870,1
2024_02,7520240203030008,TRIO,3-4-5,5-4-3,100,1560,1
2024_02,7520240203020009,MKT1,1-3-7,5-7-3,100,0,0
2024_02,7520240203020009,BOX6,1-3-7,5-7-3,600,0,0
2024_02,7520240203020009,TRIO,1-3-7,5-7-3,100,0,0
2024_02,7520240203010010,MKT1,1-2-3,7-2-1,100,0,0
2024_02,7520240203010010,BOX6,1-2-3,7-2-1,600,0,0
2024_02,7520240203010010,TRIO,1-2-3,7-2-1,100,0,0
2024_02,7520240203010011,MKT1,2-4-5,5-4-1,100,0,0
2024_02,7520240203010011,BOX6,2-4-5,5-4-1,600,0,0
2024_02,7520240203010011,TRIO,2-4-5,5-4-1,100,0,0
2024_02,7520240203020011,MKT1,2-4-7,1-2-5,100,0,0
2024_02,7520240203020011,BOX6,2-4-7,1-2-5,600,0,0
2024_02,7520240203020011,TRIO,2-4-7,1-2-5,100,0,0
2024_02,7520240203020012,MKT1,1-5-7,1-7-5,100,0,0
2024_02,7520240203020012,BOX6,1-5-7,1-7-5,600,4390,1
2024_02,7520240203020012,TRIO,1-5-7,1-7-5,100,490,1
2024_02,5320240203010005,MKT1,1-3-4,3-4-1,100,0,0
2024_02,5320240203010005,BOX6,1-3-4,3-4-1,600,8290,1
2024_02,5320240203010005,TRIO,1-3-4,3-4-1,100,1680,1
2024_02,5320240203020005,MKT1,1-3-5,3-5-2,100,0,0
2024_02,5320240203020005,BOX6,1-3-5,3-5-2,600,0,0
2024_02,5320240203020005,TRIO,1-3-5,3-5-2,100,0,0
2024_02,5320240203030005,MKT1,1-2-4,1-6-4,100,0,0
2024_02,5320240203030005,BOX6,1-2-4,1-6-4,600,0,0
2024_02,5320240203030005,TRIO,1-2-4,1-6-4,100,0,0
2024_02,5320240203010007,MKT1,1-2-4,1-2-3,100,0,0
2024_02,5320240203010007,BOX6,1-2-4,1-2-3,600,0,0
2024_02,5320240203010007,TRIO,1-2-4,1-2-3,100,0,0
2024_02,5320240203020007,MKT1,1-2-4,1-3-4,100,0,0
2024_02,5320240203020007,BOX6,1-2-4,1-3-4,600,0,0
2024_02,5320240203020007,TRIO,1-2-4,1-3-4,100,0,0
2024_02,5320240203030007,MKT1,1-2-4,1-6-3,100,0,0
2024_02,5320240203030007,BOX6,1-2-4,1-6-3,600,0,0
2024_02,5320240203030007,TRIO,1-2-4,1-6-3,100,0,0
2024_02,5320240203010009,MKT1,1-2-4,2-5-7,100,0,0
2024_02,5320240203010009,BOX6,1-2-4,2-5-7,600,0,0
2024_02,5320240203010009,TRIO,1-2-4,2-5-7,100,0,0
2024_02,5320240203020009,MKT1,1-2-4,5-3-7,100,0,0
2024_02,5320240203020009,BOX6,1-2-4,5-3-7,600,0,0
2024_02,5320240203020009,TRIO,1-2-4,5-3-7,100,0,0
2024_03,8620240301010001,MKT1,2-5-7,2-5-1,100,0,0
2024_03,8620240301010001,BOX6,2-5-7,2-5-1,600,0,0
2024_03,8620240301010001,TRIO,2-5-7,2-5-1,100,0,0
2024_03,8620240301020001,MKT1,2-3-4,1-4-5,100,0,0
2024_03,8620240301020001,BOX6,2-3-4,1-4-5,600,0,0
2024_03,8620240301020001,TRIO,2-3-4,1-4-5,100,0,0
2024_03,8620240301010002,MKT1,1-3-5,3-7-6,100,0,0
2024_03,8620240301010002,BOX6,1-3-5,3-7-6,600,0,0
2024_03,8620240301010002,TRIO,1-3-5,3-7-6,100,0,0
2024_03,8620240301030002,MKT1,2-3-7,4-1-2,100,0,0
2024_03,8620240301030002,BOX6,2-3-7,4-1-2,600,0,0
2024_03,8620240301030002,TRIO,2-3-7,4-1-2,100,0,0
2024_03,8620240301020003,MKT1,1-3-4,7-6-3,100,0,0
2024_03,8620240301020003,BOX6,1-3-4,7-6-3,600,0,0
2024_03,8620240301020003,TRIO,1-3-4,7-6-3,100,0,0
2024_03,8620240301010004,MKT1,1-3-7,1-4-2,100,0,0
2024_03,8620240301010004,BOX6,1-3-7,1-4-2,600,0,0
2024_03,8620240301010004,TRIO,1-3-7,1-4-2,100,0,0
2024_03,8620240301030006,MKT1,1-5-7,3-5-1,100,0,0
2024_03,8620240301030006,BOX6,1-5-7,3-5-1,600,0,0
2024_03,8620240301030006,TRIO,1-5-7,3-5-1,100,0,0
2024_03,8620240301010007,MKT1,1-2-7,1-5-4,100,0,0
2024_03,8620240301010007,BOX6,1-2-7,1-5-4,600,0,0
2024_03,8620240301010007,TRIO,1-2-7,1-5-4,100,0,0
2024_03,4320240301030005,MKT1,1-4-5,2-5-6,100,0,0
2024_03,4320240301030005,BOX6,1-4-5,2-5-6,600,0,0
2024_03,4320240301030005,TRIO,1-4-5,2-5-6,100,0,0
2024_03,4320240301010008,MKT1,1-3-4,7-1-5,100,0,0
2024_03,4320240301010008,BOX6,1-3-4,7-1-5,600,0,0
2024_03,4320240301010008,TRIO,1-3-4,7-1-5,100,0,0
2024_03,4320240301020008,MKT1,2-4-7,4-7-5,100,0,0
2024_03,4320240301020008,BOX6,2-4-7,4-7-5,600,0,0
2024_03,4320240301020008,TRIO,2-4-7,4-7-5,100,0,0
2024_03,4320240301030009,MKT1,1-2-7,1-2-7,100,4790,1
2024_03,4320240301030009,BOX6,1-2-7,1-2-7,600,4790,1
2024_03,4320240301030009,TRIO,1-2-7,1-2-7,100,2070,1
2024_03,4320240301010010,MKT1,2-3-4,5-7-4,100,0,0
2024_03,4320240301010010,BOX6,2-3-4,5-7-4,600,0,0
2024_03,4320240301010010,TRIO,2-3-4,5-7-4,100,0,0
2024_03,4320240301020010,MKT1,1-3-5,7-4-2,100,0,0
2024_03,4320240301020010,BOX6,1-3-5,7-4-2,600,0,0
2024_03,4320240301020010,TRIO,1-3-5,7-4-2,100,0,0
2024_03,4320240301030012,MKT1,3-5-7,6-1-4,100,0,0
2024_03,4320240301030012,BOX6,3-5-7,6-1-4,600,0,0
2024_03,4320240301030012,TRIO,3-5-7,6-1-4,100,0,0
2024_03,1320240301010001,MKT1,1-3-4,4-7-3,100,0,0
2024_03,1320240301010001,BOX6,1-3-4,4-7-3,600,0,0
2024_03,1320240301010001,TRIO,1-3-4,4-7-3,100,0,0
2024_03,1320240301020001,MKT1,3-5-7,1-7-5,100,0,0
2024_03,1320240301020001,BOX6,3-5-7,1-7-5,600,0,0
2024_03,1320240301020001,TRIO,3-5-7,1-7-5,100,0,0
2024_03,1320240301030001,MKT1,2-3-4,4-5-1,100,0,0
2024_03,1320240301030001,BOX6,2-3-4,4-5-1,600,0,0
2024_03,1320240301030001,TRIO,2-3-4,4-5-1,100,0,0
2024_03,1320240301030002,MKT1,2-4-6,5-1-2,100,0,0
2024_03,1320240301030002,BOX6,2-4-6,5-1-2,600,0,0
2024_03,1320240301030002,TRIO,2-4-6,5-1-2,100,0,0
2024_03,1320240301010003,MKT1,3-5-7,4-3-7,100,0,0
2024_03,1320240301010003,BOX6,3-5-7,4-3-7,600,0,0
2024_03,1320240301010003,TRIO,3-5-7,4-3-7,100,0,0
2024_03,1320240301020003,MKT1,2-3-5,3-7-5,100,0,0
2024_03,1320240301020003,BOX6,2-3-5,3-7-5,600,0,0
2024_03,1320240301020003,TRIO,2-3-5,3-7-5,100,0,0
2024_03,1320240301020004,MKT1,3-4-5,4-3-7,100,0,0
2024_03,1320240301020004,BOX6,3-4-5,4-3-7,600,0,0
2024_03,1320240301020004,TRIO,3-4-5,4-3-7,100,0,0
2024_03,1320240301030004,MKT1,3-5-6,4-3-7,100,0,0
2024_03,1320240301030004,BOX6,3-5-6,4-3-7,600,0,0
2024_03,1320240301030004,TRIO,3-5-6,4-3-7,100,0,0
2024_03,2520240301010001,MKT1,1-2-5,2-1-3,100,0,0
2024_03,2520240301010001,BOX6,1-2-5,2-1-3,600,0,0
2024_03,2520240301010001,TRIO,1-2-5,2-1-3,100,0,0
2024_03,2520240301020001,MKT1,4-5-7,5-4-3,100,0,0
2024_03,2520240301020001,BOX6,4-5-7,5-4-3,600,0,0
2024_03,2520240301020001,TRIO,4-5-7,5-4-3,100,0,0
2024_03,2520240301030001,MKT1,3-5-7,3-7-2,100,0,0
2024_03,2520240301030001,BOX6,3-5-7,3-7-2,600,0,0
2024_03,2520240301030001,TRIO,3-5-7,3-7-2,100,0,0
2024_03,2520240301010002,MKT1,2-3-7,5-2-7,100,0,0
2024_03,2520240301010002,BOX6,2-3-7,5-2-7,600,0,0
2024_03,2520240301010002,TRIO,2-3-7,5-2-7,100,0,0
2024_03,2520240301020002,MKT1,2-3-7,5-3-1,100,0,0
2024_03,2520240301020002,BOX6,2-3-7,5-3-1,600,0,0
2024_03,2520240301020002,TRIO,2-3-7,5-3-1,100,0,0
2024_03,2520240301030002,MKT1,2-3-7,3-6-2,100,0,0
2024_03,2520240301030002,BOX6,2-3-7,3-6-2,600,0,0
2024_03,2520240301030002,TRIO,2-3-7,3-6-2,100,0,0
2024_03,2520240301010003,MKT1,3-4-5,1-3-2,100,0,0
2024_03,2520240301010003,BOX6,3-4-5,1-3-2,600,0,0
2024_03,2520240301010003,TRIO,3-4-5,1-3-2,100,0,0
2024_03,2520240301020003,MKT1,3-4-7,3-2-6,100,0,0
2024_03,2520240301020003,BOX6,3-4-7,3-2-6,600,0,0
2024_03,2520240301020003,TRIO,3-4-7,3-2-6,100,0,0
2024_03,2520240301030004,MKT1,1-2-5,2-7-4,100,0,0
2024_03,2520240301030004,BOX6,1-2-5,2-7-4,600,0,0
2024_03,2520240301030004,TRIO,1-2-5,2-7-4,100,0,0
2024_03,2520240301010005,MKT1,1-3-7,2-3-7,100,0,0
2024_03,2520240301010005,BOX6,1-3-7,2-3-7,600,0,0
2024_03,2520240301010005,TRIO,1-3-7,2-3-7,100,0,0
2024_03,2520240301020005,MKT1,2-4-6,1-2-7,100,0,0
2024_03,2520240301020005,BOX6,2-4-6,1-2-7,600,0,0
2024_03,2520240301020005,TRIO,2-4-6,1-2-7,100,0,0
2024_03,2520240301030011,MKT1,1-3-7,1-6-5,100,0,0
2024_03,2520240301030011,BOX6,1-3-7,1-6-5,600,0,0
2024_03,2520240301030011,TRIO,1-3-7,1-6-5,100,0,0
2024_03,8120240302010008,MKT1,1-2-5,5-3-4,100,0,0
2024_03,8120240302010008,BOX6,1-2-5,5-3-4,600,0,0
2024_03,8120240302010008,TRIO,1-2-5,5-3-4,100,0,0
2024_03,8120240302020008,MKT1,3-4-5,6-3-4,100,0,0
2024_03,8120240302020008,BOX6,3-4-5,6-3-4,600,0,0
2024_03,8120240302020008,TRIO,3-4-5,6-3-4,100,0,0
2024_03,8120240302030008,MKT1,1-5-7,5-7-1,100,3230,1
2024_03,8120240302030008,BOX6,1-5-7,5-7-1,600,3230,1
2024_03,8120240302030008,TRIO,1-5-7,5-7-1,100,600,1
2024_03,8120240302020009,MKT1,1-5-7,1-7-2,100,0,0
2024_03,8120240302020009,BOX6,1-5-7,1-7-2,600,0,0
2024_03,8120240302020009,TRIO,1-5-7,1-7-2,100,0,0
2024_03,8120240302030009,MKT1,3-4-5,3-5-4,100,0,0
2024_03,8120240302030009,BOX6,3-4-5,3-5-4,600,390,1
2024_03,8120240302030009,TRIO,3-4-5,3-5-4,100,200,1
2024_03,8120240302010010,MKT1,1-2-7,1-4-2,100,0,0
2024_03,8120240302010010,BOX6,1-2-7,1-4-2,600,0,0
2024_03,8120240302010010,TRIO,1-2-7,1-4-2,100,0,0
2024_03,8120240302020010,MKT1,1-2-5,7-4-3,100,0,0
2024_03,8120240302020010,BOX6,1-2-5,7-4-3,600,0,0
2024_03,8120240302020010,TRIO,1-2-5,7-4-3,100,0,0
2024_03,8120240302020011,MKT1,2-4-5,5-2-4,100,0,0
2024_03,8120240302020011,BOX6,2-4-5,5-2-4,600,2850,1
2024_03,8120240302020011,TRIO,2-4-5,5-2-4,100,620,1
2024_03,8120240302010012,MKT1,2-4-7,1-7-6,100,0,0
2024_03,8120240302010012,BOX6,2-4-7,1-7-6,600,0,0
2024_03,8120240302010012,TRIO,2-4-7,1-7-6,100,0,0
2024_03,8120240302020012,MKT1,1-2-3,2-5-7,100,0,0
2024_03,8120240302020012,BOX6,1-2-3,2-5-7,600,0,0
2024_03,8120240302020012,TRIO,1-2-3,2-5-7,100,0,0
2024_04,5120240401010008,MKT1,2-5-7,7-4-3,100,0,0
2024_04,5120240401010008,BOX6,2-5-7,7-4-3,600,0,0
2024_04,5120240401010008,TRIO,2-5-7,7-4-3,100,0,0
2024_04,5120240401020008,MKT1,1-2-7,3-5-1,100,0,0
2024_04,5120240401020008,BOX6,1-2-7,3-5-1,600,0,0
2024_04,5120240401020008,TRIO,1-2-7,3-5-1,100,0,0
2024_04,5120240401030008,MKT1,3-5-7,2-5-4,100,0,0
2024_04,5120240401030008,BOX6,3-5-7,2-5-4,600,0,0
2024_04,5120240401030008,TRIO,3-5-7,2-5-4,100,0,0
2024_04,5120240401010009,MKT1,1-2-5,5-3-2,100,0,0
2024_04,5120240401010009,BOX6,1-2-5,5-3-2,600,0,0
2024_04,5120240401010009,TRIO,1-2-5,5-3-2,100,0,0
2024_04,5120240401010010,MKT1,1-4-5,7-1-6,100,0,0
2024_04,5120240401010010,BOX6,1-4-5,7-1-6,600,0,0
2024_04,5120240401010010,TRIO,1-4-5,7-1-6,100,0,0
2024_04,5120240401010012,MKT1,2-4-5,5-2-7,100,0,0
2024_04,5120240401010012,BOX6,2-4-5,5-2-7,600,0,0
2024_04,5120240401010012,TRIO,2-4-5,5-2-7,100,0,0
2024_04,5120240401020012,MKT1,3-4-5,7-3-1,100,0,0
2024_04,5120240401020012,BOX6,3-4-5,7-3-1,600,0,0
2024_04,5120240401020012,TRIO,3-4-5,7-3-1,100,0,0
2024_04,5120240401030012,MKT1,1-3-7,3-7-6,100,0,0
2024_04,5120240401030012,BOX6,1-3-7,3-7-6,600,0,0
2024_04,5120240401030012,TRIO,1-3-7,3-7-6,100,0,0
2024_04,3520240401030004,MKT1,2-4-5,5-1-2,100,0,0
2024_04,3520240401030004,BOX6,2-4-5,5-1-2,600,0,0
2024_04,3520240401030004,TRIO,2-4-5,5-1-2,100,0,0
2024_04,3520240401010005,MKT1,2-5-7,7-2-1,100,0,0
2024_04,3520240401010005,BOX6,2-5-7,7-2-1,600,0,0
2024_04,3520240401010005,TRIO,2-5-7,7-2-1,100,0,0
2024_04,3520240401020005,MKT1,1-2-4,5-3-2,100,0,0
2024_04,3520240401020005,BOX6,1-2-4,5-3-2,600,0,0
2024_04,3520240401020005,TRIO,1-2-4,5-3-2,100,0,0
2024_04,3520240401020007,MKT1,1-3-7,5-7-2,100,0,0
2024_04,3520240401020007,BOX6,1-3-7,5-7-2,600,0,0
2024_04,3520240401020007,TRIO,1-3-7,5-7-2,100,0,0
2024_04,8120240401010001,MKT1,1-5-7,1-3-2,100,0,0
2024_04,8120240401010001,BOX6,1-5-7,1-3-2,600,0,0
2024_04,8120240401010001,TRIO,1-5-7,1-3-2,100,0,0
2024_04,8120240401010002,MKT1,2-3-5,1-7-3,100,0,0
2024_04,8120240401010002,BOX6,2-3-5,1-7-3,600,0,0
2024_04,8120240401010002,TRIO,2-3-5,1-7-3,100,0,0
2024_04,8120240401020002,MKT1,2-4-5,7-4-5,100,0,0
2024_04,8120240401020002,BOX6,2-4-5,7-4-5,600,0,0
2024_04,8120240401020002,TRIO,2-4-5,7-4-5,100,0,0
2024_04,8120240401020003,MKT1,3-4-7,3-1-7,100,0,0
2024_04,8120240401020003,BOX6,3-4-7,3-1-7,600,0,0
2024_04,8120240401020003,TRIO,3-4-7,3-1-7,100,0,0
2024_04,8120240401010004,MKT1,1-3-7,2-7-4,100,0,0
2024_04,8120240401010004,BOX6,1-3-7,2-7-4,600,0,0
2024_04,8120240401010004,TRIO,1-3-7,2-7-4,100,0,0
2024_04,8120240401010005,MKT1,1-3-4,1-4-2,100,0,0
2024_04,8120240401010005,BOX6,1-3-4,1-4-2,600,0,0
2024_04,8120240401010005,TRIO,1-3-4,1-4-2,100,0,0
2024_04,3120240401010001,MKT1,1-2-4,1-5-4,100,0,0
2024_04,3120240401010001,BOX6,1-2-4,1-5-4,600,0,0
2024_04,3120240401010001,TRIO,1-2-4,1-5-4,100,0,0
2024_04,3120240401030001,MKT1,2-3-4,1-5-3,100,0,0
2024_04,3120240401030001,BOX6,2-3-4,1-5-3,600,0,0
2024_04,3120240401030001,TRIO,2-3-4,1-5-3,100,0,0
2024_04,3120240401020002,MKT1,1-2-5,1-6-7,100,0,0
2024_04,3120240401020002,BOX6,1-2-5,1-6-7,600,0,0
2024_04,3120240401020002,TRIO,1-2-5,1-6-7,100,0,0
2024_04,3120240401030002,MKT1,1-3-4,5-4-3,100,0,0
2024_04,3120240401030002,BOX6,1-3-4,5-4-3,600,0,0
2024_04,3120240401030002,TRIO,1-3-4,5-4-3,100,0,0
2024_04,3120240401010003,MKT1,1-3-4,2-3-4,100,0,0
2024_04,3120240401010003,BOX6,1-3-4,2-3-4,600,0,0
2024_04,3120240401010003,TRIO,1-3-4,2-3-4,100,0,0
2024_04,3120240401020003,MKT1,1-3-5,1-3-5,100,5930,1
2024_04,3120240401020003,BOX6,1-3-5,1-3-5,600,5930,1
2024_04,3120240401020003,TRIO,1-3-5,1-3-5,100,1760,1
2024_04,3120240401030003,MKT1,1-3-5,1-5-2,100,0,0
2024_04,3120240401030003,BOX6,1-3-5,1-5-2,600,0,0
2024_04,3120240401030003,TRIO,1-3-5,1-5-2,100,0,0
2024_04,3120240401030005,MKT1,1-2-4,5-4-2,100,0,0
2024_04,3120240401030005,BOX6,1-2-4,5-4-2,600,0,0
2024_04,3120240401030005,TRIO,1-2-4,5-4-2,100,0,0
2024_04,4420240401020001,MKT1,1-2-5,4-3-1,100,0,0
2024_04,4420240401020001,BOX6,1-2-5,4-3-1,600,0,0
2024_04,4420240401020001,TRIO,1-2-5,4-3-1,100,0,0
2024_04,4420240401030001,MKT1,1-2-5,,100,0,0
2024_04,4420240401030001,BOX6,1-2-5,,600,0,0
2024_04,4420240401030001,TRIO,1-2-5,,100,0,0
2024_04,4420240401030002,MKT1,2-3-5,3-1-2,100,0,0
2024_04,4420240401030002,BOX6,2-3-5,3-1-2,600,0,0
2024_04,4420240401030002,TRIO,2-3-5,3-1-2,100,0,0
2024_04,4420240401020005,MKT1,1-3-6,6-7-4,100,0,0
2024_04,4420240401020005,BOX6,1-3-6,6-7-4,600,0,0
2024_04,4420240401020005,TRIO,1-3-6,6-7-4,100,0,0
2024_05,1120240501010001,MKT1,2-3-4,4-2-1,100,0,0
2024_05,1120240501010001,BOX6,2-3-4,4-2-1,600,0,0
2024_05,1120240501010001,TRIO,2-3-4,4-2-1,100,0,0
2024_05,1120240501030001,MKT1,2-3-4,1-4-3,100,0,0
2024_05,1120240501030001,BOX6,2-3-4,1-4-3,600,0,0
2024_05,1120240501030001,TRIO,2-3-4,1-4-3,100,0,0
2024_05,1120240501010002,MKT1,1-3-4,3-2-1,100,0,0
2024_05,1120240501010002,BOX6,1-3-4,3-2-1,600,0,0
2024_05,1120240501010002,TRIO,1-3-4,3-2-1,100,0,0
2024_05,1120240501020002,MKT1,1-3-5,3-2-1,100,0,0
2024_05,1120240501020002,BOX6,1-3-5,3-2-1,600,0,0
2024_05,1120240501020002,TRIO,1-3-5,3-2-1,100,0,0
2024_05,1120240501030002,MKT1,1-3-4,1-2-3,100,0,0
2024_05,1120240501030002,BOX6,1-3-4,1-2-3,600,0,0
2024_05,1120240501030002,TRIO,1-3-4,1-2-3,100,0,0
2024_05,1120240501020003,MKT1,1-3-4,1-4-2,100,0,0
2024_05,1120240501020003,BOX6,1-3-4,1-4-2,600,0,0
2024_05,1120240501020003,TRIO,1-3-4,1-4-2,100,0,0
2024_05,1120240501030003,MKT1,1-3-4,2-1-3,100,0,0
2024_05,1120240501030003,BOX6,1-3-4,2-1-3,600,0,0
2024_05,1120240501030003,TRIO,1-3-4,2-1-3,100,0,0
2024_05,1120240501020004,MKT1,1-2-5,2-1-3,100,0,0
2024_05,1120240501020004,BOX6,1-2-5,2-1-3,600,0,0
2024_05,1120240501020004,TRIO,1-2-5,2-1-3,100,0,0
2024_05,1120240501030004,MKT1,1-2-6,3-2-4,100,0,0
2024_05,1120240501030004,BOX6,1-2-6,3-2-4,600,0,0
2024_05,1120240501030004,TRIO,1-2-6,3-2-4,100,0,0
2024_05,1120240501010006,MKT1,2-3-4,1-5-7,100,0,0
2024_05,1120240501010006,BOX6,2-3-4,1-5-7,600,0,0
2024_05,1120240501010006,TRIO,2-3-4,1-5-7,100,0,0
2024_05,1120240501020006,MKT1,1-2-5,2-4-3,100,0,0
2024_05,1120240501020006,BOX6,1-2-5,2-4-3,600,0,0
2024_05,1120240501020006,TRIO,1-2-5,2-4-3,100,0,0
2024_05,1120240501030006,MKT1,1-2-4,2-1-3,100,0,0
2024_05,1120240501030006,BOX6,1-2-4,2-1-3,600,0,0
2024_05,1120240501030006,TRIO,1-2-4,2-1-3,100,0,0
2024_05,1120240501030007,MKT1,1-3-4,1-4-2,100,0,0
2024_05,1120240501030007,BOX6,1-3-4,1-4-2,600,0,0
2024_05,1120240501030007,TRIO,1-3-4,1-4-2,100,0,0
2024_05,2220240501010001,MKT1,1-3-4,4-5-1,100,0,0
2024_05,2220240501010001,BOX6,1-3-4,4-5-1,600,0,0
2024_05,2220240501010001,TRIO,1-3-4,4-5-1,100,0,0
2024_05,2220240501020001,MKT1,1-2-5,1-2-5,100,0,0
2024_05,2220240501020001,BOX6,1-2-5,1-2-5,600,1290,1
2024_05,2220240501020001,TRIO,1-2-5,1-2-5,100,780,1
2024_05,2220240501030001,MKT1,1-3-4,2-1-3,100,0,0
2024_05,2220240501030001,BOX6,1-3-4,2-1-3,600,0,0
2024_05,2220240501030001,TRIO,1-3-4,2-1-3,100,0,0
2024_05,2220240501020002,MKT1,1-4-6,4-3-5,100,0,0
2024_05,2220240501020002,BOX6,1-4-6,4-3-5,600,0,0
2024_05,2220240501020002,TRIO,1-4-6,4-3-5,100,0,0
2024_05,2220240501020004,MKT1,1-4-5,3-5-1,100,0,0
2024_05,2220240501020004,BOX6,1-4-5,3-5-1,600,0,0
2024_05,2220240501020004,TRIO,1-4-5,3-5-1,100,0,0
2024_05,2220240501020005,MKT1,3-4-5,2-4-5,100,0,0
2024_05,2220240501020005,BOX6,3-4-5,2-4-5,600,0,0
2024_05,2220240501020005,TRIO,3-4-5,2-4-5,100,0,0
2024_05,2220240501030005,MKT1,2-3-4,1-3-5,100,0,0
2024_05,2220240501030005,BOX6,2-3-4,1-3-5,600,0,0
2024_05,2220240501030005,TRIO,2-3-4,1-3-5,100,0,0
2024_05,2220240501020006,MKT1,2-3-5,1-2-3,100,0,0
2024_05,2220240501020006,BOX6,2-3-5,1-2-3,600,0,0
2024_05,2220240501020006,TRIO,2-3-5,1-2-3,100,0,0
2024_05,2220240501030006,MKT1,1-2-4,2-1-4,100,0,0
2024_05,2220240501030006,BOX6,1-2-4,2-1-4,600,2700,1
2024_05,2220240501030006,TRIO,1-2-4,2-1-4,100,1120,1
2024_05,8420240501010001,MKT1,3-5-7,7-3-2,100,0,0
2024_05,8420240501010001,BOX6,3-5-7,7-3-2,600,0,0
2024_05,8420240501010001,TRIO,3-5-7,7-3-2,100,0,0
2024_05,8420240501030001,MKT1,2-3-7,7-1-4,100,0,0
2024_05,8420240501030001,BOX6,2-3-7,7-1-4,600,0,0
2024_05,8420240501030001,TRIO,2-3-7,7-1-4,100,0,0
2024_05,8420240501030003,MKT1,1-4-7,4-2-1,100,0,0
2024_05,8420240501030003,BOX6,1-4-7,4-2-1,600,0,0
2024_05,8420240501030003,TRIO,1-4-7,4-2-1,100,0,0
2024_05,8420240501010004,MKT1,3-5-7,7-2-5,100,0,0
2024_05,8420240501010004,BOX6,3-5-7,7-2-5,600,0,0
2024_05,8420240501010004,TRIO,3-5-7,7-2-5,100,0,0
2024_05,8420240501020004,MKT1,2-3-4,5-3-7,100,0,0
2024_05,8420240501020004,BOX6,2-3-4,5-3-7,600,0,0
2024_05,8420240501020004,TRIO,2-3-4,5-3-7,100,0,0
2024_05,8420240501010005,MKT1,3-4-7,1-4-7,100,0,0
2024_05,8420240501010005,BOX6,3-4-7,1-4-7,600,0,0
2024_05,8420240501010005,TRIO,3-4-7,1-4-7,100,0,0
2024_05,8420240501020005,MKT1,3-4-7,3-7-5,100,0,0
2024_05,8420240501020005,BOX6,3-4-7,3-7-5,600,0,0
2024_05,8420240501020005,TRIO,3-4-7,3-7-5,100,0,0
2024_05,8420240501020006,MKT1,2-3-7,3-7-6,100,0,0
2024_05,8420240501020006,BOX6,2-3-7,3-7-6,600,0,0
2024_05,8420240501020006,TRIO,2-3-7,3-7-6,100,0,0
2024_05,8420240501030006,MKT1,1-2-4,5-1-2,100,0,0
2024_05,8420240501030006,BOX6,1-2-4,5-1-2,600,0,0
2024_05,8420240501030006,TRIO,1-2-4,5-1-2,100,0,0
2024_05,8420240501010007,MKT1,2-3-4,2-4-7,100,0,0
2024_05,8420240501010007,BOX6,2-3-4,2-4-7,600,0,0
2024_05,8420240501010007,TRIO,2-3-4,2-4-7,100,0,0
2024_05,8420240501020007,MKT1,1-3-7,3-2-7,100,0,0
2024_05,8420240501020007,BOX6,1-3-7,3-2-7,600,0,0
2024_05,8420240501020007,TRIO,1-3-7,3-2-7,100,0,0
2024_05,8420240501030007,MKT1,1-2-5,1-4-2,100,0,0
2024_05,8420240501030007,BOX6,1-2-5,1-4-2,600,0,0
2024_05,8420240501030007,TRIO,1-2-5,1-4-2,100,0,0
2024_05,6120240501030005,MKT1,1-4-7,1-7-6,100,0,0
2024_05,6120240501030005,BOX6,1-4-7,1-7-6,600,0,0
2024_05,6120240501030005,TRIO,1-4-7,1-7-6,100,0,0
2024_05,6120240501010006,MKT1,1-2-3,4-1-2,100,0,0
2024_05,6120240501010006,BOX6,1-2-3,4-1-2,600,0,0
2024_05,6120240501010006,TRIO,1-2-3,4-1-2,100,0,0
2024_05,6120240501020006,MKT1,1-2-5,2-6-7,100,0,0
2024_05,6120240501020006,BOX6,1-2-5,2-6-7,600,0,0
2024_05,6120240501020006,TRIO,1-2-5,2-6-7,100,0,0
2024_05,6120240501030006,MKT1,2-3-5,1-2-5,100,0,0
2024_05,6120240501030006,BOX6,2-3-5,1-2-5,600,0,0
2024_05,6120240501030006,TRIO,2-3-5,1-2-5,100,0,0
2024_05,6120240501010007,MKT1,3-5-7,7-2-5,100,0,0
2024_05,6120240501010007,BOX6,3-5-7,7-2-5,600,0,0
2024_05,6120240501010007,TRIO,3-5-7,7-2-5,100,0,0
2024_05,6120240501020007,MKT1,1-3-7,2-1-7,100,0,0
2024_05,6120240501020007,BOX6,1-3-7,2-1-7,600,0,0
2024_05,6120240501020007,TRIO,1-3-7,2-1-7,100,0,0
2024_05,6120240501010008,MKT1,3-4-7,1-4-5,100,0,0
2024_05,6120240501010008,BOX6,3-4-7,1-4-5,600,0,0
2024_05,6120240501010008,TRIO,3-4-7,1-4-5,100,0,0
2024_05,6120240501020008,MKT1,2-4-5,7-2-4,100,0,0
2024_05,6120240501020008,BOX6,2-4-5,7-2-4,600,0,0
2024_05,6120240501020008,TRIO,2-4-5,7-2-4,100,0,0
2024_05,6120240501030008,MKT1,1-2-3,2-4-7,100,0,0
2024_05,6120240501030008,BOX6,1-2-3,2-4-7,600,0,0
2024_05,6120240501030008,TRIO,1-2-3,2-4-7,100,0,0
2024_05,6120240501010009,MKT1,4-5-7,3-1-2,100,0,0
2024_05,6120240501010009,BOX6,4-5-7,3-1-2,600,0,0
2024_05,6120240501010009,TRIO,4-5-7,3-1-2,100,0,0
2024_05,6120240501020009,MKT1,1-3-7,3-2-5,100,0,0
2024_05,6120240501020009,BOX6,1-3-7,3-2-5,600,0,0
2024_05,6120240501020009,TRIO,1-3-7,3-2-5,100,0,0
2024_05,6120240501030009,MKT1,1-3-7,1-2-3,100,0,0
2024_05,6120240501030009,BOX6,1-3-7,1-2-3,600,0,0
2024_05,6120240501030009,TRIO,1-3-7,1-2-3,100,0,0
2024_05,6120240501020010,MKT1,1-3-7,3-2-1,100,0,0
2024_05,6120240501020010,BOX6,1-3-7,3-2-1,600,0,0
2024_05,6120240501020010,TRIO,1-3-7,3-2-1,100,0,0
2024_05,6120240501030010,MKT1,1-2-5,1-4-2,100,0,0
2024_05,6120240501030010,BOX6,1-2-5,1-4-2,600,0,0
2024_05,6120240501030010,TRIO,1-2-5,1-4-2,100,0,0
2024_06,1220240601020001,MKT1,1-2-3,3-5-7,100,0,0
2024_06,1220240601020001,BOX6,1-2-3,3-5-7,600,0,0
2024_06,1220240601020001,TRIO,1-2-3,3-5-7,100,0,0
2024_06,1220240601030002,MKT1,1-4-7,1-4-3,100,0,0
2024_06,1220240601030002,BOX6,1-4-7,1-4-3,600,0,0
2024_06,1220240601030002,TRIO,1-4-7,1-4-3,100,0,0
2024_06,1220240601020003,MKT1,3-4-7,7-4-5,100,0,0
2024_06,1220240601020003,BOX6,3-4-7,7-4-5,600,0,0
2024_06,1220240601020003,TRIO,3-4-7,7-4-5,100,0,0
2024_06,1220240601030003,MKT1,4-5-7,2-7-5,100,0,0
2024_06,1220240601030003,BOX6,4-5-7,2-7-5,600,0,0
2024_06,1220240601030003,TRIO,4-5-7,2-7-5,100,0,0
2024_06,1220240601020004,MKT1,2-3-7,2-7-1,100,0,0
2024_06,1220240601020004,BOX6,2-3-7,2-7-1,600,0,0
2024_06,1220240601020004,TRIO,2-3-7,2-7-1,100,0,0
2024_06,1220240601010005,MKT1,3-5-7,2-5-6,100,0,0
2024_06,1220240601010005,BOX6,3-5-7,2-5-6,600,0,0
2024_06,1220240601010005,TRIO,3-5-7,2-5-6,100,0,0
2024_06,1220240601030005,MKT1,2-4-7,4-5-3,100,0,0
2024_06,1220240601030005,BOX6,2-4-7,4-5-3,600,0,0
2024_06,1220240601030005,TRIO,2-4-7,4-5-3,100,0,0
2024_06,1220240601020006,MKT1,1-2-7,3-2-7,100,0,0
2024_06,1220240601020006,BOX6,1-2-7,3-2-7,600,0,0
2024_06,1220240601020006,TRIO,1-2-7,3-2-7,100,0,0
2024_06,1220240601030006,MKT1,1-2-4,6-4-3,100,0,0
2024_06,1220240601030006,BOX6,1-2-4,6-4-3,600,0,0
2024_06,1220240601030006,TRIO,1-2-4,6-4-3,100,0,0
2024_06,1220240601010007,MKT1,4-5-7,1-3-4,100,0,0
2024_06,1220240601010007,BOX6,4-5-7,1-3-4,600,0,0
2024_06,1220240601010007,TRIO,4-5-7,1-3-4,100,0,0
2024_06,1220240601030007,MKT1,3-4-7,2-5-3,100,0,0
2024_06,1220240601030007,BOX6,3-4-7,2-5-3,600,0,0
2024_06,1220240601030007,TRIO,3-4-7,2-5-3,100,0,0
2024_06,8620240601030008,MKT1,2-4-7,4-2-1,100,0,0
2024_06,8620240601030008,BOX6,2-4-7,4-2-1,600,0,0
2024_06,8620240601030008,TRIO,2-4-7,4-2-1,100,0,0
2024_06,8620240601020009,MKT1,2-4-7,4-7-2,100,0,0
2024_06,8620240601020009,BOX6,2-4-7,4-7-2,600,670,1
2024_06,8620240601020009,TRIO,2-4-7,4-7-2,100,140,1
2024_06,8620240601030009,MKT1,2-5-7,1-5-3,100,0,0
2024_06,8620240601030009,BOX6,2-5-7,1-5-3,600,0,0
2024_06,8620240601030009,TRIO,2-5-7,1-5-3,100,0,0
2024_06,8620240601010010,MKT1,2-3-7,3-2-5,100,0,0
2024_06,8620240601010010,BOX6,2-3-7,3-2-5,600,0,0
2024_06,8620240601010010,TRIO,2-3-7,3-2-5,100,0,0
2024_06,8620240601010011,MKT1,3-4-5,2-7-4,100,0,0
2024_06,8620240601010011,BOX6,3-4-5,2-7-4,600,0,0
2024_06,8620240601010011,TRIO,3-4-5,2-7-4,100,0,0
2024_06,8620240601020011,MKT1,3-5-7,4-5-2,100,0,0
2024_06,8620240601020011,BOX6,3-5-7,4-5-2,600,0,0
2024_06,8620240601020011,TRIO,3-5-7,4-5-2,100,0,0
2024_06,8620240601020012,MKT1,4-5-7,4-7-1,100,0,0
2024_06,8620240601020012,BOX6,4-5-7,4-7-1,600,0,0
2024_06,8620240601020012,TRIO,4-5-7,4-7-1,100,0,0
2024_06,4320240601030008,MKT1,1-3-4,5-3-4,100,0,0
2024_06,4320240601030008,BOX6,1-3-4,5-3-4,600,0,0
2024_06,4320240601030008,TRIO,1-3-4,5-3-4,100,0,0
2024_06,4320240601010009,MKT1,2-3-7,1-7-3,100,0,0
2024_06,4320240601010009,BOX6,2-3-7,1-7-3,600,0,0
2024_06,4320240601010009,TRIO,2-3-7,1-7-3,100,0,0
2024_06,4320240601020009,MKT1,3-4-7,1-4-3,100,0,0
2024_06,4320240601020009,BOX6,3-4-7,1-4-3,600,0,0
2024_06,4320240601020009,TRIO,3-4-7,1-4-3,100,0,0
2024_06,4320240601030009,MKT1,1-2-7,7-4-5,100,0,0
2024_06,4320240601030009,BOX6,1-2-7,7-4-5,600,0,0
2024_06,4320240601030009,TRIO,1-2-7,7-4-5,100,0,0
2024_06,4320240601010010,MKT1,1-5-7,1-4-5,100,0,0
2024_06,4320240601010010,BOX6,1-5-7,1-4-5,600,0,0
2024_06,4320240601010010,TRIO,1-5-7,1-4-5,100,0,0
2024_06,4320240601020010,MKT1,3-5-7,4-7-2,100,0,0
2024_06,4320240601020010,BOX6,3-5-7,4-7-2,600,0,0
2024_06,4320240601020010,TRIO,3-5-7,4-7-2,100,0,0
2024_06,5420240601010001,MKT1,2-3-5,5-1-4,100,0,0
2024_06,5420240601010001,BOX6,2-3-5,5-1-4,600,0,0
2024_06,5420240601010001,TRIO,2-3-5,5-1-4,100,0,0
2024_06,5420240601020001,MKT1,3-4-5,5-6-7,100,0,0
2024_06,5420240601020001,BOX6,3-4-5,5-6-7,600,0,0
2024_06,5420240601020001,TRIO,3-4-5,5-6-7,100,0,0
2024_06,5420240601030001,MKT1,2-4-5,1-5-4,100,0,0
2024_06,5420240601030001,BOX6,2-4-5,1-5-4,600,0,0
2024_06,5420240601030001,TRIO,2-4-5,1-5-4,100,0,0
2024_06,5420240601020002,MKT1,1-5-7,5-3-7,100,0,0
2024_06,5420240601020002,BOX6,1-5-7,5-3-7,600,0,0
2024_06,5420240601020002,TRIO,1-5-7,5-3-7,100,0,0
2024_06,5420240601010003,MKT1,2-4-5,7-5-4,100,0,0
2024_06,5420240601010003,BOX6,2-4-5,7-5-4,600,0,0
2024_06,5420240601010003,TRIO,2-4-5,7-5-4,100,0,0
2024_06,5420240601010004,MKT1,4-5-7,1-7-5,100,0,0
2024_06,5420240601010004,BOX6,4-5-7,1-7-5,600,0,0
2024_06,5420240601010004,TRIO,4-5-7,1-7-5,100,0,0
2024_06,5420240601030004,MKT1,4-5-7,4-3-6,100,0,0
2024_06,5420240601030004,BOX6,4-5-7,4-3-6,600,0,0
2024_06,5420240601030004,TRIO,4-5-7,4-3-6,100,0,0
2024_06,5420240601020005,MKT1,1-4-5,1-5-4,100,4240,1
2024_06,5420240601020005,BOX6,1-4-5,1-5-4,600,4240,1
2024_06,5420240601020005,TRIO,1-4-5,1-5-4,100,950,1
2024_06,5320240601010002,MKT1,2-3-4,1-4-2,100,0,0
2024_06,5320240601010002,BOX6,2-3-4,1-4-2,600,0,0
2024_06,5320240601010002,TRIO,2-3-4,1-4-2,100,0,0
2024_06,5320240601020002,MKT1,2-4-6,2-1-4,100,0,0
2024_06,5320240601020002,BOX6,2-4-6,2-1-4,600,0,0
2024_06,5320240601020002,TRIO,2-4-6,2-1-4,100,0,0
2024_06,5320240601030002,MKT1,1-5-6,1-3-2,100,0,0
2024_06,5320240601030002,BOX6,1-5-6,1-3-2,600,0,0
2024_06,5320240601030002,TRIO,1-5-6,1-3-2,100,0,0
2024_06,5320240601010003,MKT1,1-2-3,1-5-2,100,0,0
2024_06,5320240601010003,BOX6,1-2-3,1-5-2,600,0,0
2024_06,5320240601010003,TRIO,1-2-3,1-5-2,100,0,0
2024_06,5320240601020003,MKT1,1-2-3,6-5-4,100,0,0
2024_06,5320240601020003,BOX6,1-2-3,6-5-4,600,0,0
2024_06,5320240601020003,TRIO,1-2-3,6-5-4,100,0,0
2024_06,5320240601030003,MKT1,1-2-3,2-5-1,100,0,0
2024_06,5320240601030003,BOX6,1-2-3,2-5-1,600,0,0
2024_06,5320240601030003,TRIO,1-2-3,2-5-1,100,0,0
2024_06,5320240601010004,MKT1,1-3-5,2-1-5,100,0,0
2024_06,5320240601010004,BOX6,1-3-5,2-1-5,600,0,0
2024_06,5320240601010004,TRIO,1-3-5,2-1-5,100,0,0
2024_06,5320240601020004,MKT1,1-3-5,2-5-1,100,0,0
2024_06,5320240601020004,BOX6,1-3-5,2-5-1,600,0,0
2024_06,5320240601020004,TRIO,1-3-5,2-5-1,100,0,0
2024_06,5320240601030004,MKT1,1-3-5,2-1-7,100,0,0
2024_06,5320240601030004,BOX6,1-3-5,2-1-7,600,0,0
2024_06,5320240601030004,TRIO,1-3-5,2-1-7,100,0,0
2024_07,8620240701020001,MKT1,2-4-5,5-4-1,100,0,0
2024_07,8620240701020001,BOX6,2-4-5,5-4-1,600,0,0
2024_07,8620240701020001,TRIO,2-4-5,5-4-1,100,0,0
2024_07,8620240701030001,MKT1,1-4-7,6-1-2,100,0,0
2024_07,8620240701030001,BOX6,1-4-7,6-1-2,600,0,0
2024_07,8620240701030001,TRIO,1-4-7,6-1-2,100,0,0
2024_07,8620240701010003,MKT1,1-5-7,5-1-3,100,0,0
2024_07,8620240701010003,BOX6,1-5-7,5-1-3,600,0,0
2024_07,8620240701010003,TRIO,1-5-7,5-1-3,100,0,0
2024_07,8620240701020003,MKT1,1-2-3,5-2-4,100,0,0
2024_07,8620240701020003,BOX6,1-2-3,5-2-4,600,0,0
2024_07,8620240701020003,TRIO,1-2-3,5-2-4,100,0,0
2024_07,8620240701010004,MKT1,1-2-3,1-5-3,100,0,0
2024_07,8620240701010004,BOX6,1-2-3,1-5-3,600,0,0
2024_07,8620240701010004,TRIO,1-2-3,1-5-3,100,0,0
2024_07,8620240701030004,MKT1,4-5-7,7-4-2,100,0,0
2024_07,8620240701030004,BOX6,4-5-7,7-4-2,600,0,0
2024_07,8620240701030004,TRIO,4-5-7,7-4-2,100,0,0
2024_07,8620240701010005,MKT1,1-2-7,1-6-3,100,0,0
2024_07,8620240701010005,BOX6,1-2-7,1-6-3,600,0,0
2024_07,8620240701010005,TRIO,1-2-7,1-6-3,100,0,0
2024_07,8620240701030005,MKT1,1-2-3,1-3-2,100,0,0
2024_07,8620240701030005,BOX6,1-2-3,1-3-2,600,10110,1
2024_07,8620240701030005,TRIO,1-2-3,1-3-2,100,1920,1
2024_07,8620240701010007,MKT1,2-4-7,7-6-1,100,0,0
2024_07,8620240701010007,BOX6,2-4-7,7-6-1,600,0,0
2024_07,8620240701010007,TRIO,2-4-7,7-6-1,100,0,0
2024_07,8620240701030007,MKT1,1-2-7,5-1-7,100,0,0
2024_07,8620240701030007,BOX6,1-2-7,5-1-7,600,0,0
2024_07,8620240701030007,TRIO,1-2-7,5-1-7,100,0,0
2024_07,3720240701010001,MKT1,1-4-5,1-4-5,100,4810,1
2024_07,3720240701010001,BOX6,1-4-5,1-4-5,600,4810,1
2024_07,3720240701010001,TRIO,1-4-5,1-4-5,100,1270,1
2024_07,3720240701020001,MKT1,1-4-5,1-7-2,100,0,0
2024_07,3720240701020001,BOX6,1-4-5,1-7-2,600,0,0
2024_07,3720240701020001,TRIO,1-4-5,1-7-2,100,0,0
2024_07,3720240701020002,MKT1,2-3-4,2-3-7,100,0,0
2024_07,3720240701020002,BOX6,2-3-4,2-3-7,600,0,0
2024_07,3720240701020002,TRIO,2-3-4,2-3-7,100,0,0
2024_07,3720240701020003,MKT1,2-3-4,2-1-3,100,0,0
2024_07,3720240701020003,BOX6,2-3-4,2-1-3,600,0,0
2024_07,3720240701020003,TRIO,2-3-4,2-1-3,100,0,0
2024_07,3720240701030004,MKT1,1-4-6,1-7-2,100,0,0
2024_07,3720240701030004,BOX6,1-4-6,1-7-2,600,0,0
2024_07,3720240701030004,TRIO,1-4-6,1-7-2,100,0,0
2024_07,3720240701020005,MKT1,1-3-4,2-5-6,100,0,0
2024_07,3720240701020005,BOX6,1-3-4,2-5-6,600,0,0
2024_07,3720240701020005,TRIO,1-3-4,2-5-6,100,0,0
2024_07,3720240701010007,MKT1,1-2-7,4-3-5,100,0,0
2024_07,3720240701010007,BOX6,1-2-7,4-3-5,600,0,0
2024_07,3720240701010007,TRIO,1-2-7,4-3-5,100,0,0
2024_07,3720240701020007,MKT1,1-2-3,2-1-7,100,0,0
2024_07,3720240701020007,BOX6,1-2-3,2-1-7,600,0,0
2024_07,3720240701020007,TRIO,1-2-3,2-1-7,100,0,0
2024_07,3720240701030007,MKT1,1-2-5,3-5-1,100,0,0
2024_07,3720240701030007,BOX6,1-2-5,3-5-1,600,0,0
2024_07,3720240701030007,TRIO,1-2-5,3-5-1,100,0,0
2024_07,4520240701030001,MKT1,2-3-7,1-2-3,100,0,0
2024_07,4520240701030001,BOX6,2-3-7,1-2-3,600,0,0
2024_07,4520240701030001,TRIO,2-3-7,1-2-3,100,0,0
2024_07,4520240701010002,MKT1,1-5-7,4-5-7,100,0,0
2024_07,4520240701010002,BOX6,1-5-7,4-5-7,600,0,0
2024_07,4520240701010002,TRIO,1-5-7,4-5-7,100,0,0
2024_07,4520240701020002,MKT1,1-5-7,5-1-2,100,0,0
2024_07,4520240701020002,BOX6,1-5-7,5-1-2,600,0,0
2024_07,4520240701020002,TRIO,1-5-7,5-1-2,100,0,0
2024_07,4520240701020004,MKT1,1-3-5,6-3-5,100,0,0
2024_07,4520240701020004,BOX6,1-3-5,6-3-5,600,0,0
2024_07,4520240701020004,TRIO,1-3-5,6-3-5,100,0,0
2024_07,2420240703030002,MKT1,1-3-4,3-1-4,100,0,0
2024_07,2420240703030002,BOX6,1-3-4,3-1-4,600,1480,1
2024_07,2420240703030002,TRIO,1-3-4,3-1-4,100,890,1
2024_07,2420240703020003,MKT1,3-5-7,7-1-2,100,0,0
2024_07,2420240703020003,BOX6,3-5-7,7-1-2,600,0,0
2024_07,2420240703020003,TRIO,3-5-7,7-1-2,100,0,0
2024_07,2420240703020004,MKT1,1-3-5,1-5-3,100,0,0
2024_07,2420240703020004,BOX6,1-3-5,1-5-3,600,870,1
2024_07,2420240703020004,TRIO,1-3-5,1-5-3,100,310,1
2024_07,2420240703030004,MKT1,1-5-7,7-2-5,100,0,0
2024_07,2420240703030004,BOX6,1-5-7,7-2-5,600,0,0
2024_07,2420240703030004,TRIO,1-5-7,7-2-5,100,0,0
2024_07,2420240703010005,MKT1,1-2-7,3-1-7,100,0,0
2024_07,2420240703010005,BOX6,1-2-7,3-1-7,600,0,0
2024_07,2420240703010005,TRIO,1-2-7,3-1-7,100,0,0
2024_07,2420240703020005,MKT1,2-4-5,3-7-4,100,0,0
2024_07,2420240703020005,BOX6,2-4-5,3-7-4,600,0,0
2024_07,2420240703020005,TRIO,2-4-5,3-7-4,100,0,0
2024_07,2420240703030011,MKT1,1-3-7,5-4-3,100,0,0
2024_07,2420240703030011,BOX6,1-3-7,5-4-3,600,0,0
2024_07,2420240703030011,TRIO,1-3-7,5-4-3,100,0,0
2024_07,1220240704010001,MKT1,3-5-7,3-5-6,100,0,0
2024_07,1220240704010001,BOX6,3-5-7,3-5-6,600,0,0
2024_07,1220240704010001,TRIO,3-5-7,3-5-6,100,0,0
2024_07,1220240704010002,MKT1,2-4-7,2-5-7,100,0,0
2024_07,1220240704010002,BOX6,2-4-7,2-5-7,600,0,0
2024_07,1220240704010002,TRIO,2-4-7,2-5-7,100,0,0
2024_07,1220240704010003,MKT1,3-4-7,1-3-7,100,0,0
2024_07,1220240704010003,BOX6,3-4-7,1-3-7,600,0,0
2024_07,1220240704010003,TRIO,3-4-7,1-3-7,100,0,0
2024_08,7420240801010009,MKT1,2-4-5,1-4-5,100,0,0
2024_08,7420240801010009,BOX6,2-4-5,1-4-5,600,0,0
2024_08,7420240801010009,TRIO,2-4-5,1-4-5,100,0,0
2024_08,7420240801010011,MKT1,2-5-7,,100,0,0
2024_08,7420240801010011,BOX6,2-5-7,,600,0,0
2024_08,7420240801010011,TRIO,2-5-7,,100,0,0
2024_08,7420240801020011,MKT1,1-4-5,1-3-4,100,0,0
2024_08,7420240801020011,BOX6,1-4-5,1-3-4,600,0,0
2024_08,7420240801020011,TRIO,1-4-5,1-3-4,100,0,0
2024_08,7420240801010012,MKT1,1-3-4,3-4-7,100,0,0
2024_08,7420240801010012,BOX6,1-3-4,3-4-7,600,0,0
2024_08,7420240801010012,TRIO,1-3-4,3-4-7,100,0,0
2024_08,8320240801010001,MKT1,1-2-3,3-1-5,100,0,0
2024_08,8320240801010001,BOX6,1-2-3,3-1-5,600,0,0
2024_08,8320240801010001,TRIO,1-2-3,3-1-5,100,0,0
2024_08,8320240801010002,MKT1,1-2-5,4-2-7,100,0,0
2024_08,8320240801010002,BOX6,1-2-5,4-2-7,600,0,0
2024_08,8320240801010002,TRIO,1-2-5,4-2-7,100,0,0
2024_08,8320240801020002,MKT1,1-2-4,7-2-5,100,0,0
2024_08,8320240801020002,BOX6,1-2-4,7-2-5,600,0,0
2024_08,8320240801020002,TRIO,1-2-4,7-2-5,100,0,0
2024_08,8320240801030002,MKT1,1-2-7,2-4-5,100,0,0
2024_08,8320240801030002,BOX6,1-2-7,2-4-5,600,0,0
2024_08,8320240801030002,TRIO,1-2-7,2-4-5,100,0,0
2024_08,8320240801020003,MKT1,2-3-5,6-1-5,100,0,0
2024_08,8320240801020003,BOX6,2-3-5,6-1-5,600,0,0
2024_08,8320240801020003,TRIO,2-3-5,6-1-5,100,0,0
2024_08,8320240801030003,MKT1,1-3-5,1-3-7,100,0,0
2024_08,8320240801030003,BOX6,1-3-5,1-3-7,600,0,0
2024_08,8320240801030003,TRIO,1-3-5,1-3-7,100,0,0
2024_08,8320240801010004,MKT1,3-5-7,5-1-3,100,0,0
2024_08,8320240801010004,BOX6,3-5-7,5-1-3,600,0,0
2024_08,8320240801010004,TRIO,3-5-7,5-1-3,100,0,0
2024_08,8320240801020004,MKT1,2-3-7,1-7-3,100,0,0
2024_08,8320240801020004,BOX6,2-3-7,1-7-3,600,0,0
2024_08,8320240801020004,TRIO,2-3-7,1-7-3,100,0,0
2024_08,8320240801030004,MKT1,1-2-7,1-6-2,100,0,0
2024_08,8320240801030004,BOX6,1-2-7,1-6-2,600,0,0
2024_08,8320240801030004,TRIO,1-2-7,1-6-2,100,0,0
2024_08,8320240801010005,MKT1,2-4-5,5-6-3,100,0,0
2024_08,8320240801010005,BOX6,2-4-5,5-6-3,600,0,0
2024_08,8320240801010005,TRIO,2-4-5,5-6-3,100,0,0
2024_08,4620240801010008,MKT1,1-2-3,1-5-6,100,0,0
2024_08,4620240801010008,BOX6,1-2-3,1-5-6,600,0,0
2024_08,4620240801010008,TRIO,1-2-3,1-5-6,100,0,0
2024_08,4620240801010009,MKT1,1-3-4,3-4-1,100,0,0
2024_08,4620240801010009,BOX6,1-3-4,3-4-1,600,1700,1
2024_08,4620240801010009,TRIO,1-3-4,3-4-1,100,380,1
2024_08,4620240801020010,MKT1,1-2-7,7-1-3,100,0,0
2024_08,4620240801020010,BOX6,1-2-7,7-1-3,600,0,0
2024_08,4620240801020010,TRIO,1-2-7,7-1-3,100,0,0
2024_08,4620240801020011,MKT1,1-3-5,3-1-7,100,0,0
2024_08,4620240801020011,BOX6,1-3-5,3-1-7,600,0,0
2024_08,4620240801020011,TRIO,1-3-5,3-1-7,100,0,0
2024_08,4620240801010012,MKT1,2-3-7,5-2-1,100,0,0
2024_08,4620240801010012,BOX6,2-3-7,5-2-1,600,0,0
2024_08,4620240801010012,TRIO,2-3-7,5-2-1,100,0,0
2024_08,4620240801020012,MKT1,3-4-7,1-7-5,100,0,0
2024_08,4620240801020012,BOX6,3-4-7,1-7-5,600,0,0
2024_08,4620240801020012,TRIO,3-4-7,1-7-5,100,0,0
2024_08,4620240801030012,MKT1,4-5-6,5-2-3,100,0,0
2024_08,4620240801030012,BOX6,4-5-6,5-2-3,600,0,0
2024_08,4620240801030012,TRIO,4-5-6,5-2-3,100,0,0
2024_08,5620240803020001,MKT1,4-5-7,7-4-6,100,0,0
2024_08,5620240803020001,BOX6,4-5-7,7-4-6,600,0,0
2024_08,5620240803020001,TRIO,4-5-7,7-4-6,100,0,0
2024_08,5620240803010002,MKT1,3-4-7,5-3-7,100,0,0
2024_08,5620240803010002,BOX6,3-4-7,5-3-7,600,0,0
2024_08,5620240803010002,TRIO,3-4-7,5-3-7,100,0,0
2024_08,5620240803010003,MKT1,2-3-7,2-4-7,100,0,0
2024_08,5620240803010003,BOX6,2-3-7,2-4-7,600,0,0
2024_08,5620240803010003,TRIO,2-3-7,2-4-7,100,0,0
2024_08,5620240803030003,MKT1,4-5-7,4-5-7,100,0,0
2024_08,5620240803030003,BOX6,4-5-7,4-5-7,600,1390,1
2024_08,5620240803030003,TRIO,4-5-7,4-5-7,100,430,1
2024_08,5620240803030004,MKT1,3-4-7,7-1-5,100,0,0
2024_08,5620240803030004,BOX6,3-4-7,7-1-5,600,0,0
2024_08,5620240803030004,TRIO,3-4-7,7-1-5,100,0,0
2024_08,5620240803010005,MKT1,2-3-4,5-1-7,100,0,0
2024_08,5620240803010005,BOX6,2-3-4,5-1-7,600,0,0
2024_08,5620240803010005,TRIO,2-3-4,5-1-7,100,0,0
2024_08,5620240803020005,MKT1,1-4-5,1-4-7,100,0,0
2024_08,5620240803020005,BOX6,1-4-5,1-4-7,600,0,0
2024_08,5620240803020005,TRIO,1-4-5,1-4-7,100,0,0
2024_08,5620240803030008,MKT1,2-5-7,6-7-1,100,0,0
2024_08,5620240803030008,BOX6,2-5-7,6-7-1,600,0,0
2024_08,5620240803030008,TRIO,2-5-7,6-7-1,100,0,0
2024_08,4220240803030001,MKT1,1-3-4,5-2-3,100,0,0
2024_08,4220240803030001,BOX6,1-3-4,5-2-3,600,0,0
2024_08,4220240803030001,TRIO,1-3-4,5-2-3,100,0,0
2024_08,4220240803010004,MKT1,2-3-4,1-3-4,100,0,0
2024_08,4220240803010004,BOX6,2-3-4,1-3-4,600,0,0
2024_08,4220240803010004,TRIO,2-3-4,1-3-4,100,0,0
2024_08,4220240803020004,MKT1,3-4-5,1-4-3,100,0,0
2024_08,4220240803020004,BOX6,3-4-5,1-4-3,600,0,0
2024_08,4220240803020004,TRIO,3-4-5,1-4-3,100,0,0
2024_08,4220240803030005,MKT1,2-3-4,7-1-4,100,0,0
2024_08,4220240803030005,BOX6,2-3-4,7-1-4,600,0,0
2024_08,4220240803030005,TRIO,2-3-4,7-1-4,100,0,0
2024_08,4220240803020006,MKT1,2-3-4,3-5-2,100,0,0
2024_08,4220240803020006,BOX6,2-3-4,3-5-2,600,0,0
2024_08,4220240803020006,TRIO,2-3-4,3-5-2,100,0,0
2024_08,4220240803030006,MKT1,2-3-4,4-7-6,100,0,0
2024_08,4220240803030006,BOX6,2-3-4,4-7-6,600,0,0
2024_08,4220240803030006,TRIO,2-3-4,4-7-6,100,0,0
2024_08,4220240803010007,MKT1,1-3-7,3-4-7,100,0,0
2024_08,4220240803010007,BOX6,1-3-7,3-4-7,600,0,0
2024_08,4220240803010007,TRIO,1-3-7,3-4-7,100,0,0
2024_09,2220240901020001,MKT1,1-2-3,1-2-4,100,0,0
2024_09,2220240901020001,BOX6,1-2-3,1-2-4,600,0,0
2024_09,2220240901020001,TRIO,1-2-3,1-2-4,100,0,0
2024_09,2220240901010002,MKT1,1-2-4,4-2-7,100,0,0
2024_09,2220240901010002,BOX6,1-2-4,4-2-7,600,0,0
2024_09,2220240901010002,TRIO,1-2-4,4-2-7,100,0,0
2024_09,2220240901020002,MKT1,1-4-7,7-5-1,100,0,0
2024_09,2220240901020002,BOX6,1-4-7,7-5-1,600,0,0
2024_09,2220240901020002,TRIO,1-4-7,7-5-1,100,0,0
2024_09,2220240901020003,MKT1,1-2-5,3-1-5,100,0,0
2024_09,2220240901020003,BOX6,1-2-5,3-1-5,600,0,0
2024_09,2220240901020003,TRIO,1-2-5,3-1-5,100,0,0
2024_09,2220240901030003,MKT1,2-3-7,2-4-7,100,0,0
2024_09,2220240901030003,BOX6,2-3-7,2-4-7,600,0,0
2024_09,2220240901030003,TRIO,2-3-7,2-4-7,100,0,0
2024_09,2220240901010005,MKT1,2-4-7,5-1-6,100,0,0
2024_09,2220240901010005,BOX6,2-4-7,5-1-6,600,0,0
2024_09,2220240901010005,TRIO,2-4-7,5-1-6,100,0,0
2024_09,2220240901020005,MKT1,3-4-5,2-4-7,100,0,0
2024_09,2220240901020005,BOX6,3-4-5,2-4-7,600,0,0
2024_09,2220240901020005,TRIO,3-4-5,2-4-7,100,0,0
2024_09,7520240901010001,MKT1,1-2-3,6-5-1,100,0,0
2024_09,7520240901010001,BOX6,1-2-3,6-5-1,600,0,0
2024_09,7520240901010001,TRIO,1-2-3,6-5-1,100,0,0
2024_09,7520240901030001,MKT1,2-3-4,4-2-5,100,0,0
2024_09,7520240901030001,BOX6,2-3-4,4-2-5,600,0,0
2024_09,7520240901030001,TRIO,2-3-4,4-2-5,100,0,0
2024_09,7520240901010002,MKT1,1-3-4,3-7-6,100,0,0
2024_09,7520240901010002,BOX6,1-3-4,3-7-6,600,0,0
2024_09,7520240901010002,TRIO,1-3-4,3-7-6,100,0,0
2024_09,7520240901030002,MKT1,5-6-7,3-7-5,100,0,0
2024_09,7520240901030002,BOX6,5-6-7,3-7-5,600,0,0
2024_09,7520240901030002,TRIO,5-6-7,3-7-5,100,0,0
2024_09,7520240901030011,MKT1,1-3-7,3-2-4,100,0,0
2024_09,7520240901030011,BOX6,1-3-7,3-2-4,600,0,0
2024_09,7520240901030011,TRIO,1-3-7,3-2-4,100,0,0
2024_09,8720240902010001,MKT1,1-2-5,1-4-7,100,0,0
2024_09,8720240902010001,BOX6,1-2-5,1-4-7,600,0,0
2024_09,8720240902010001,TRIO,1-2-5,1-4-7,100,0,0
2024_09,8720240902030001,MKT1,2-4-7,4-3-1,100,0,0
2024_09,8720240902030001,BOX6,2-4-7,4-3-1,600,0,0
2024_09,8720240902030001,TRIO,2-4-7,4-3-1,100,0,0
2024_09,8720240902010004,MKT1,1-3-5,5-4-1,100,0,0
2024_09,8720240902010004,BOX6,1-3-5,5-4-1,600,0,0
2024_09,8720240902010004,TRIO,1-3-5,5-4-1,100,0,0
2024_09,8720240902020004,MKT1,1-3-5,3-4-7,100,0,0
2024_09,8720240902020004,BOX6,1-3-5,3-4-7,600,0,0
2024_09,8720240902020004,TRIO,1-3-5,3-4-7,100,0,0
2024_09,8720240902030004,MKT1,1-6-7,4-2-7,100,0,0
2024_09,8720240902030004,BOX6,1-6-7,4-2-7,600,0,0
2024_09,8720240902030004,TRIO,1-6-7,4-2-7,100,0,0
2024_09,8720240902010005,MKT1,2-4-7,1-2-5,100,0,0
2024_09,8720240902010005,BOX6,2-4-7,1-2-5,600,0,0
2024_09,8720240902010005,TRIO,2-4-7,1-2-5,100,0,0
2024_09,8720240902020005,MKT1,1-5-7,1-6-7,100,0,0
2024_09,8720240902020005,BOX6,1-5-7,1-6-7,600,0,0
2024_09,8720240902020005,TRIO,1-5-7,1-6-7,100,0,0
2024_09,4220240903010001,MKT1,1-4-5,4-1-7,100,0,0
2024_09,4220240903010001,BOX6,1-4-5,4-1-7,600,0,0
2024_09,4220240903010001,TRIO,1-4-5,4-1-7,100,0,0
2024_09,4220240903020001,MKT1,2-3-7,7-3-5,100,0,0
2024_09,4220240903020001,BOX6,2-3-7,7-3-5,600,0,0
2024_09,4220240903020001,TRIO,2-3-7,7-3-5,100,0,0
2024_09,4220240903010002,MKT1,1-3-7,,100,0,0
2024_09,4220240903010002,BOX6,1-3-7,,600,0,0
2024_09,4220240903010002,TRIO,1-3-7,,100,0,0
2024_09,4220240903020002,MKT1,4-5-7,7-2-3,100,0,0
2024_09,4220240903020002,BOX6,4-5-7,7-2-3,600,0,0
2024_09,4220240903020002,TRIO,4-5-7,7-2-3,100,0,0
2024_09,4220240903030002,MKT1,2-4-5,5-4-1,100,0,0
2024_09,4220240903030002,BOX6,2-4-5,5-4-1,600,0,0
2024_09,4220240903030002,TRIO,2-4-5,5-4-1,100,0,0
2024_09,4220240903020003,MKT1,1-4-7,1-7-5,100,0,0
2024_09,4220240903020003,BOX6,1-4-7,1-7-5,600,0,0
2024_09,4220240903020003,TRIO,1-4-7,1-7-5,100,0,0
2024_09,4220240903020004,MKT1,2-3-7,5-2-7,100,0,0
2024_09,4220240903020004,BOX6,2-3-7,5-2-7,600,0,0
2024_09,4220240903020004,TRIO,2-3-7,5-2-7,100,0,0
2024_09,4220240903030011,MKT1,2-5-7,6-5-2,100,0,0
2024_09,4220240903030011,BOX6,2-5-7,6-5-2,600,0,0
2024_09,4220240903030011,TRIO,2-5-7,6-5-2,100,0,0
2024_09,6120240903010001,MKT1,1-2-3,3-1-2,100,0,0
2024_09,6120240903010001,BOX6,1-2-3,3-1-2,600,1480,1
2024_09,6120240903010001,TRIO,1-2-3,3-1-2,100,370,1
2024_09,6120240903020001,MKT1,1-2-3,6-1-3,100,0,0
2024_09,6120240903020001,BOX6,1-2-3,6-1-3,600,0,0
2024_09,6120240903020001,TRIO,1-2-3,6-1-3,100,0,0
2024_09,6120240903030001,MKT1,1-2-4,1-3-4,100,0,0
2024_09,6120240903030001,BOX6,1-2-4,1-3-4,600,0,0
2024_09,6120240903030001,TRIO,1-2-4,1-3-4,100,0,0
2024_09,6120240903010002,MKT1,1-2-4,1-6-3,100,0,0
2024_09,6120240903010002,BOX6,1-2-4,1-6-3,600,0,0
2024_09,6120240903010002,TRIO,1-2-4,1-6-3,100,0,0
2024_09,6120240903020002,MKT1,1-2-3,1-2-6,100,0,0
2024_09,6120240903020002,BOX6,1-2-3,1-2-6,600,0,0
2024_09,6120240903020002,TRIO,1-2-3,1-2-6,100,0,0
2024_09,6120240903020003,MKT1,2-3-6,2-3-1,100,0,0
2024_09,6120240903020003,BOX6,2-3-6,2-3-1,600,0,0
2024_09,6120240903020003,TRIO,2-3-6,2-3-1,100,0,0
2024_09,6120240903010005,MKT1,1-4-5,4-1-2,100,0,0
2024_09,6120240903010005,BOX6,1-4-5,4-1-2,600,0,0
2024_09,6120240903010005,TRIO,1-4-5,4-1-2,100,0,0
2024_09,6120240903020005,MKT1,1-4-5,5-1-2,100,0,0
2024_09,6120240903020005,BOX6,1-4-5,5-1-2,600,0,0
2024_09,6120240903020005,TRIO,1-4-5,5-1-2,100,0,0
2024_09,6120240903030005,MKT1,1-3-4,1-2-4,100,0,0
2024_09,6120240903030005,BOX6,1-3-4,1-2-4,600,0,0
2024_09,6120240903030005,TRIO,1-3-4,1-2-4,100,0,0
2024_09,6120240903010007,MKT1,1-2-5,3-7-6,100,0,0
2024_09,6120240903010007,BOX6,1-2-5,3-7-6,600,0,0
2024_09,6120240903010007,TRIO,1-2-5,3-7-6,100,0,0
2024_09,6120240903020007,MKT1,1-2-6,2-1-7,100,0,0
2024_09,6120240903020007,BOX6,1-2-6,2-1-7,600,0,0
2024_09,6120240903020007,TRIO,1-2-6,2-1-7,100,0,0
2024_10,1120241001030001,MKT1,1-3-4,5-3-4,100,0,0
2024_10,1120241001030001,BOX6,1-3-4,5-3-4,600,0,0
2024_10,1120241001030001,TRIO,1-3-4,5-3-4,100,0,0
2024_10,1120241001010002,MKT1,2-3-7,2-4-3,100,0,0
2024_10,1120241001010002,BOX6,2-3-7,2-4-3,600,0,0
2024_10,1120241001010002,TRIO,2-3-7,2-4-3,100,0,0
2024_10,1120241001020002,MKT1,1-2-4,1-7-6,100,0,0
2024_10,1120241001020002,BOX6,1-2-4,1-7-6,600,0,0
2024_10,1120241001020002,TRIO,1-2-4,1-7-6,100,0,0
2024_10,1120241001030002,MKT1,1-2-4,7-2-1,100,0,0
2024_10,1120241001030002,BOX6,1-2-4,7-2-1,600,0,0
2024_10,1120241001030002,TRIO,1-2-4,7-2-1,100,0,0
2024_10,1120241001010003,MKT1,1-4-7,3-7-2,100,0,0
2024_10,1120241001010003,BOX6,1-4-7,3-7-2,600,0,0
2024_10,1120241001010003,TRIO,1-4-7,3-7-2,100,0,0
2024_10,1120241001030003,MKT1,1-5-7,7-2-4,100,0,0
2024_10,1120241001030003,BOX6,1-5-7,7-2-4,600,0,0
2024_10,1120241001030003,TRIO,1-5-7,7-2-4,100,0,0
2024_10,1120241001010004,MKT1,2-4-5,5-1-7,100,0,0
2024_10,1120241001010004,BOX6,2-4-5,5-1-7,600,0,0
2024_10,1120241001010004,TRIO,2-4-5,5-1-7,100,0,0
2024_10,1120241001020004,MKT1,1-2-7,4-7-1,100,0,0
2024_10,1120241001020004,BOX6,1-2-7,4-7-1,600,0,0
2024_10,1120241001020004,TRIO,1-2-7,4-7-1,100,0,0
2024_10,4720241001010001,MKT1,2-4-5,2-4-1,100,0,0
2024_10,4720241001010001,BOX6,2-4-5,2-4-1,600,0,0
2024_10,4720241001010001,TRIO,2-4-5,2-4-1,100,0,0
2024_10,4720241001030001,MKT1,1-5-7,5-4-3,100,0,0
2024_10,4720241001030001,BOX6,1-5-7,5-4-3,600,0,0
2024_10,4720241001030001,TRIO,1-5-7,5-4-3,100,0,0
2024_10,4720241001030002,MKT1,1-2-4,4-7-1,100,0,0
2024_10,4720241001030002,BOX6,1-2-4,4-7-1,600,0,0
2024_10,4720241001030002,TRIO,1-2-4,4-7-1,100,0,0
2024_10,4720241001030003,MKT1,1-4-5,4-2-5,100,0,0
2024_10,4720241001030003,BOX6,1-4-5,4-2-5,600,0,0
2024_10,4720241001030003,TRIO,1-4-5,4-2-5,100,0,0
2024_10,4720241001020004,MKT1,1-2-7,2-4-7,100,0,0
2024_10,4720241001020004,BOX6,1-2-7,2-4-7,600,0,0
2024_10,4720241001020004,TRIO,1-2-7,2-4-7,100,0,0
2024_10,4720241001020005,MKT1,1-5-7,2-4-5,100,0,0
2024_10,4720241001020005,BOX6,1-5-7,2-4-5,600,0,0
2024_10,4720241001020005,TRIO,1-5-7,2-4-5,100,0,0
2024_10,2820241001020001,MKT1,1-3-7,2-6-1,100,0,0
2024_10,2820241001020001,BOX6,1-3-7,2-6-1,600,0,0
2024_10,2820241001020001,TRIO,1-3-7,2-6-1,100,0,0
2024_10,2820241001030001,MKT1,2-4-5,5-1-3,100,0,0
2024_10,2820241001030001,BOX6,2-4-5,5-1-3,600,0,0
2024_10,2820241001030001,TRIO,2-4-5,5-1-3,100,0,0
2024_10,2820241001010002,MKT1,2-3-6,2-7-4,100,0,0
2024_10,2820241001010002,BOX6,2-3-6,2-7-4,600,0,0
2024_10,2820241001010002,TRIO,2-3-6,2-7-4,100,0,0
2024_10,2820241001020002,MKT1,1-2-4,2-3-5,100,0,0
2024_10,2820241001020002,BOX6,1-2-4,2-3-5,600,0,0
2024_10,2820241001020002,TRIO,1-2-4,2-3-5,100,0,0
2024_10,2820241001030002,MKT1,1-2-4,4-3-1,100,0,0
2024_10,2820241001030002,BOX6,1-2-4,4-3-1,600,0,0
2024_10,2820241001030002,TRIO,1-2-4,4-3-1,100,0,0
2024_10,2820241001010003,MKT1,1-3-4,1-5-7,100,0,0
2024_10,2820241001010003,BOX6,1-3-4,1-5-7,600,0,0
2024_10,2820241001010003,TRIO,1-3-4,1-5-7,100,0,0
2024_10,2820241001030003,MKT1,2-4-5,2-3-4,100,0,0
2024_10,2820241001030003,BOX6,2-4-5,2-3-4,600,0,0
2024_10,2820241001030003,TRIO,2-4-5,2-3-4,100,0,0
2024_10,2820241001020004,MKT1,1-3-7,1-6-7,100,0,0
2024_10,2820241001020004,BOX6,1-3-7,1-6-7,600,0,0
2024_10,2820241001020004,TRIO,1-3-7,1-6-7,100,0,0
2024_10,1220241003010002,MKT1,1-2-3,3-4-2,100,0,0
2024_10,1220241003010002,BOX6,1-2-3,3-4-2,600,0,0
2024_10,1220241003010002,TRIO,1-2-3,3-4-2,100,0,0
2024_10,1220241003030002,MKT1,1-2-3,1-4-2,100,0,0
2024_10,1220241003030002,BOX6,1-2-3,1-4-2,600,0,0
2024_10,1220241003030002,TRIO,1-2-3,1-4-2,100,0,0
2024_10,1220241003030004,MKT1,1-2-3,2-5-4,100,0,0
2024_10,1220241003030004,BOX6,1-2-3,2-5-4,600,0,0
2024_10,1220241003030004,TRIO,1-2-3,2-5-4,100,0,0
2024_10,1220241003010005,MKT1,1-3-5,1-2-3,100,0,0
2024_10,1220241003010005,BOX6,1-3-5,1-2-3,600,0,0
2024_10,1220241003010005,TRIO,1-3-5,1-2-3,100,0,0
2024_10,1220241003010007,MKT1,1-3-5,3-7-4,100,0,0
2024_10,1220241003010007,BOX6,1-3-5,3-7-4,600,0,0
2024_10,1220241003010007,TRIO,1-3-5,3-7-4,100,0,0
2024_10,1220241003020007,MKT1,1-2-3,1-2-4,100,0,0
2024_10,1220241003020007,BOX6,1-2-3,1-2-4,600,0,0
2024_10,1220241003020007,TRIO,1-2-3,1-2-4,100,0,0
2024_10,1220241003030007,MKT1,1-3-5,5-1-4,100,0,0
2024_10,1220241003030007,BOX6,1-3-5,5-1-4,600,0,0
2024_10,1220241003030007,TRIO,1-3-5,5-1-4,100,0,0
2024_10,4220241003020001,MKT1,1-2-5,6-5-7,100,0,0
2024_10,4220241003020001,BOX6,1-2-5,6-5-7,600,0,0
2024_10,4220241003020001,TRIO,1-2-5,6-5-7,100,0,0
2024_10,4220241003010002,MKT1,1-2-3,7-1-3,100,0,0
2024_10,4220241003010002,BOX6,1-2-3,7-1-3,600,0,0
2024_10,4220241003010002,TRIO,1-2-3,7-1-3,100,0,0
2024_10,4220241003030002,MKT1,1-3-5,5-4-1,100,0,0
2024_10,4220241003030002,BOX6,1-3-5,5-4-1,600,0,0
2024_10,4220241003030002,TRIO,1-3-5,5-4-1,100,0,0
2024_10,4220241003010003,MKT1,3-5-7,3-2-7,100,0,0
2024_10,4220241003010003,BOX6,3-5-7,3-2-7,600,0,0
2024_10,4220241003010003,TRIO,3-5-7,3-2-7,100,0,0
2024_10,4220241003020004,MKT1,1-4-5,7-4-1,100,0,0
2024_10,4220241003020004,BOX6,1-4-5,7-4-1,600,0,0
2024_10,4220241003020004,TRIO,1-4-5,7-4-1,100,0,0
2024_10,4220241003020005,MKT1,1-4-5,1-4-6,100,0,0
2024_10,4220241003020005,BOX6,1-4-5,1-4-6,600,0,0
2024_10,4220241003020005,TRIO,1-4-5,1-4-6,100,0,0
2024_10,4220241003030011,MKT1,1-2-7,4-7-1,100,0,0
2024_10,4220241003030011,BOX6,1-2-7,4-7-1,600,0,0
2024_10,4220241003030011,TRIO,1-2-7,4-7-1,100,0,0
2024_11,4220241101010001,MKT1,1-4-5,2-4-1,100,0,0
2024_11,4220241101010001,BOX6,1-4-5,2-4-1,600,0,0
2024_11,4220241101010001,TRIO,1-4-5,2-4-1,100,0,0
2024_11,4220241101020001,MKT1,1-3-7,5-7-2,100,0,0
2024_11,4220241101020001,BOX6,1-3-7,5-7-2,600,0,0
2024_11,4220241101020001,TRIO,1-3-7,5-7-2,100,0,0
2024_11,4220241101030001,MKT1,1-2-4,5-4-3,100,0,0
2024_11,4220241101030001,BOX6,1-2-4,5-4-3,600,0,0
2024_11,4220241101030001,TRIO,1-2-4,5-4-3,100,0,0
2024_11,4220241101010002,MKT1,1-2-3,3-5-2,100,0,0
2024_11,4220241101010002,BOX6,1-2-3,3-5-2,600,0,0
2024_11,4220241101010002,TRIO,1-2-3,3-5-2,100,0,0
2024_11,4220241101020002,MKT1,2-4-7,7-1-2,100,0,0
2024_11,4220241101020002,BOX6,2-4-7,7-1-2,600,0,0
2024_11,4220241101020002,TRIO,2-4-7,7-1-2,100,0,0
2024_11,4220241101030002,MKT1,3-4-5,4-1-6,100,0,0
2024_11,4220241101030002,BOX6,3-4-5,4-1-6,600,0,0
2024_11,4220241101030002,TRIO,3-4-5,4-1-6,100,0,0
2024_11,4220241101030004,MKT1,3-5-7,2-4-5,100,0,0
2024_11,4220241101030004,BOX6,3-5-7,2-4-5,600,0,0
2024_11,4220241101030004,TRIO,3-5-7,2-4-5,100,0,0
2024_11,4220241101020005,MKT1,2-4-5,5-6-4,100,0,0
2024_11,4220241101020005,BOX6,2-4-5,5-6-4,600,0,0
2024_11,4220241101020005,TRIO,2-4-5,5-6-4,100,0,0
2024_11,4220241101030011,MKT1,2-4-7,5-1-2,100,0,0
2024_11,4220241101030011,BOX6,2-4-7,5-1-2,600,0,0
2024_11,4220241101030011,TRIO,2-4-7,5-1-2,100,0,0
2024_11,8520241101010001,MKT1,2-3-5,6-1-4,100,0,0
2024_11,8520241101010001,BOX6,2-3-5,6-1-4,600,0,0
2024_11,8520241101010001,TRIO,2-3-5,6-1-4,100,0,0
2024_11,8520241101010003,MKT1,1-2-3,7-1-4,100,0,0
2024_11,8520241101010003,BOX6,1-2-3,7-1-4,600,0,0
2024_11,8520241101010003,TRIO,1-2-3,7-1-4,100,0,0
2024_11,8520241101010004,MKT1,1-2-4,2-7-1,100,0,0
2024_11,8520241101010004,BOX6,1-2-4,2-7-1,600,0,0
2024_11,8520241101010004,TRIO,1-2-4,2-7-1,100,0,0
2024_11,2620241101010008,MKT1,1-5-7,5-7-2,100,0,0
2024_11,2620241101010008,BOX6,1-5-7,5-7-2,600,0,0
2024_11,2620241101010008,TRIO,1-5-7,5-7-2,100,0,0
2024_11,2620241101030009,MKT1,1-2-5,1-7-5,100,0,0
2024_11,2620241101030009,BOX6,1-2-5,1-7-5,600,0,0
2024_11,2620241101030009,TRIO,1-2-5,1-7-5,100,0,0
2024_11,2620241101020011,MKT1,2-3-4,3-2-4,100,11480,1
2024_11,2620241101020011,BOX6,2-3-4,3-2-4,600,11480,1
2024_11,2620241101020011,TRIO,2-3-4,3-2-4,100,6130,1
2024_11,2720241102010001,MKT1,1-3-4,7-1-5,100,0,0
2024_11,2720241102010001,BOX6,1-3-4,7-1-5,600,0,0
2024_11,2720241102010001,TRIO,1-3-4,7-1-5,100,0,0
2024_11,2720241102030001,MKT1,1-2-4,5-3-1,100,0,0
2024_11,2720241102030001,BOX6,1-2-4,5-3-1,600,0,0
2024_11,2720241102030001,TRIO,1-2-4,5-3-1,100,0,0
2024_11,2720241102020002,MKT1,1-2-4,4-3-1,100,0,0
2024_11,2720241102020002,BOX6,1-2-4,4-3-1,600,0,0
2024_11,2720241102020002,TRIO,1-2-4,4-3-1,100,0,0
2024_11,2720241102030002,MKT1,1-2-4,4-2-1,100,0,0
2024_11,2720241102030002,BOX6,1-2-4,4-2-1,600,7500,1
2024_11,2720241102030002,TRIO,1-2-4,4-2-1,100,690,1
2024_11,2720241102010003,MKT1,2-3-5,1-2-5,100,0,0
2024_11,2720241102010003,BOX6,2-3-5,1-2-5,600,0,0
2024_11,2720241102010003,TRIO,2-3-5,1-2-5,100,0,0
2024_11,2720241102020004,MKT1,1-3-4,1-2-4,100,0,0
2024_11,2720241102020004,BOX6,1-3-4,1-2-4,600,0,0
2024_11,2720241102020004,TRIO,1-3-4,1-2-4,100,0,0
2024_11,2720241102030005,MKT1,1-4-5,7-1-4,100,0,0
2024_11,2720241102030005,BOX6,1-4-5,7-1-4,600,0,0
2024_11,2720241102030005,TRIO,1-4-5,7-1-4,100,0,0
2024_11,2720241102010007,MKT1,2-3-5,4-7-5,100,0,0
2024_11,2720241102010007,BOX6,2-3-5,4-7-5,600,0,0
2024_11,2720241102010007,TRIO,2-3-5,4-7-5,100,0,0
2024_11,2720241102030007,MKT1,2-3-5,3-4-6,100,0,0
2024_11,2720241102030007,BOX6,2-3-5,3-4-6,600,0,0
2024_11,2720241102030007,TRIO,2-3-5,3-4-6,100,0,0
2024_11,8120241102010001,MKT1,2-3-4,2-4-6,100,0,0
2024_11,8120241102010001,BOX6,2-3-4,2-4-6,600,0,0
2024_11,8120241102010001,TRIO,2-3-4,2-4-6,100,0,0
2024_11,8120241102020001,MKT1,3-4-5,4-3-5,100,0,0
2024_11,8120241102020001,BOX6,3-4-5,4-3-5,600,8750,1
2024_11,8120241102020001,TRIO,3-4-5,4-3-5,100,2790,1
2024_11,8120241102030001,MKT1,1-2-3,5-4-2,100,0,0
2024_11,8120241102030001,BOX6,1-2-3,5-4-2,600,0,0
2024_11,8120241102030001,TRIO,1-2-3,5-4-2,100,0,0
2024_11,8120241102030005,MKT1,1-4-5,1-6-2,100,0,0
2024_11,8120241102030005,BOX6,1-4-5,1-6-2,600,0,0
2024_11,8120241102030005,TRIO,1-4-5,1-6-2,100,0,0
2024_12,8620241201010001,MKT1,1-2-7,1-3-7,100,0,0
2024_12,8620241201010001,BOX6,1-2-7,1-3-7,600,0,0
2024_12,8620241201010001,TRIO,1-2-7,1-3-7,100,0,0
2024_12,8620241201030001,MKT1,2-3-7,2-4-7,100,0,0
2024_12,8620241201030001,BOX6,2-3-7,2-4-7,600,0,0
2024_12,8620241201030001,TRIO,2-3-7,2-4-7,100,0,0
2024_12,8620241201020004,MKT1,2-3-5,5-3-2,100,0,0
2024_12,8620241201020004,BOX6,2-3-5,5-3-2,600,430,1
2024_12,8620241201020004,TRIO,2-3-5,5-3-2,100,350,1
2024_12,8620241201030004,MKT1,2-3-5,3-5-2,100,0,0
2024_12,8620241201030004,BOX6,2-3-5,3-5-2,600,2510,1
2024_12,8620241201030004,TRIO,2-3-5,3-5-2,100,540,1
2024_12,7320241202010001,MKT1,1-2-5,4-2-3,100,0,0
2024_12,7320241202010001,BOX6,1-2-5,4-2-3,600,0,0
2024_12,7320241202010001,TRIO,1-2-5,4-2-3,100,0,0
2024_12,7320241202030003,MKT1,1-2-7,1-6-4,100,0,0
2024_12,7320241202030003,BOX6,1-2-7,1-6-4,600,0,0
2024_12,7320241202030003,TRIO,1-2-7,1-6-4,100,0,0
2024_12,7320241202010005,MKT1,3-5-7,4-5-1,100,0,0
2024_12,7320241202010005,BOX6,3-5-7,4-5-1,600,0,0
2024_12,7320241202010005,TRIO,3-5-7,4-5-1,100,0,0
2024_12,7320241202020005,MKT1,1-3-4,3-1-4,100,0,0
2024_12,7320241202020005,BOX6,1-3-4,3-1-4,600,830,1
2024_12,7320241202020005,TRIO,1-3-4,3-1-4,100,190,1
2024_12,7320241202030011,MKT1,1-5-7,2-7-1,100,0,0
2024_12,7320241202030011,BOX6,1-5-7,2-7-1,600,0,0
2024_12,7320241202030011,TRIO,1-5-7,2-7-1,100,0,0
2024_12,3820241203010003,MKT1,1-2-5,1-3-2,100,0,0
2024_12,3820241203010003,BOX6,1-2-5,1-3-2,600,0,0
2024_12,3820241203010003,TRIO,1-2-5,1-3-2,100,0,0
2024_12,3820241203030003,MKT1,1-2-5,3-1-5,100,0,0
2024_12,3820241203030003,BOX6,1-2-5,3-1-5,600,0,0
2024_12,3820241203030003,TRIO,1-2-5,3-1-5,100,0,0
2024_12,3820241203010004,MKT1,1-4-5,2-4-7,100,0,0
2024_12,3820241203010004,BOX6,1-4-5,2-4-7,600,0,0
2024_12,3820241203010004,TRIO,1-4-5,2-4-7,100,0,0
2024_12,3820241203020004,MKT1,1-4-5,4-5-6,100,0,0
2024_12,3820241203020004,BOX6,1-4-5,4-5-6,600,0,0
2024_12,3820241203020004,TRIO,1-4-5,4-5-6,100,0,0
2024_12,3820241203030004,MKT1,2-3-4,3-4-1,100,0,0
2024_12,3820241203030004,BOX6,2-3-4,3-4-1,600,0,0
2024_12,3820241203030004,TRIO,2-3-4,3-4-1,100,0,0
2024_12,3820241203010005,MKT1,1-3-4,3-4-1,100,0,0
2024_12,3820241203010005,BOX6,1-3-4,3-4-1,600,2970,1
2024_12,3820241203010005,TRIO,1-3-4,3-4-1,100,700,1
2024_12,3820241203020005,MKT1,1-2-3,4-5-6,100,0,0
2024_12,3820241203020005,BOX6,1-2-3,4-5-6,600,0,0
2024_12,3820241203020005,TRIO,1-2-3,4-5-6,100,0,0
2024_12,3820241203030005,MKT1,1-3-4,2-1-7,100,0,0
2024_12,3820241203030005,BOX6,1-3-4,2-1-7,600,0,0
2024_12,3820241203030005,TRIO,1-3-4,2-1-7,100,0,0
2024_12,3820241203030006,MKT1,2-4-5,5-6-4,100,0,0
2024_12,3820241203030006,BOX6,2-4-5,5-6-4,600,0,0
2024_12,3820241203030006,TRIO,2-4-5,5-6-4,100,0,0
2024_12,3820241203030008,MKT1,1-4-7,4-1-7,100,3790,1
2024_12,3820241203030008,BOX6,1-4-7,4-1-7,600,3790,1
2024_12,3820241203030008,TRIO,1-4-7,4-1-7,100,2010,1
2024_12,3820241203010009,MKT1,1-4-5,1-4-3,100,0,0
2024_12,3820241203010009,BOX6,1-4-5,1-4-3,600,0,0
2024_12,3820241203010009,TRIO,1-4-5,1-4-3,100,0,0
2024_12,3820241203020009,MKT1,1-4-5,1-3-2,100,0,0
2024_12,3820241203020009,BOX6,1-4-5,1-3-2,600,0,0
2024_12,3820241203020009,TRIO,1-4-5,1-3-2,100,0,0
2024_12,6120241203010003,MKT1,2-3-4,3-1-6,100,0,0
2024_12,6120241203010003,BOX6,2-3-4,3-1-6,600,0,0
2024_12,6120241203010003,TRIO,2-3-4,3-1-6,100,0,0
2024_12,6120241203020003,MKT1,2-3-4,4-1-3,100,0,0
2024_12,6120241203020003,BOX6,2-3-4,4-1-3,600,0,0
2024_12,6120241203020003,TRIO,2-3-4,4-1-3,100,0,0
2024_12,6120241203010004,MKT1,1-3-6,2-3-1,100,0,0
2024_12,6120241203010004,BOX6,1-3-6,2-3-1,600,0,0
2024_12,6120241203010004,TRIO,1-3-6,2-3-1,100,0,0
2024_12,6120241203020004,MKT1,1-2-4,1-4-2,100,0,0
2024_12,6120241203020004,BOX6,1-2-4,1-4-2,600,2280,1
2024_12,6120241203020004,TRIO,1-2-4,1-4-2,100,710,1
2024_12,6120241203030004,MKT1,1-3-4,1-2-6,100,0,0
2024_12,6120241203030004,BOX6,1-3-4,1-2-6,600,0,0
2024_12,6120241203030004,TRIO,1-3-4,1-2-6,100,0,0
2024_12,6120241203010005,MKT1,1-2-4,3-1-2,100,0,0
2024_12,6120241203010005,BOX6,1-2-4,3-1-2,600,0,0
2024_12,6120241203010005,TRIO,1-2-4,3-1-2,100,0,0
2024_12,6120241203010006,MKT1,1-3-5,1-5-6,100,0,0
2024_12,6120241203010006,BOX6,1-3-5,1-5-6,600,0,0
2024_12,6120241203010006,TRIO,1-3-5,1-5-6,100,0,0
2024_12,6120241203020006,MKT1,2-3-5,1-3-6,100,0,0
2024_12,6120241203020006,BOX6,2-3-5,1-3-6,600,0,0
2024_12,6120241203020006,TRIO,2-3-5,1-3-6,100,0,0
2024_12,6120241203030006,MKT1,1-3-5,5-3-7,100,0,0
2024_12,6120241203030006,BOX6,1-3-5,5-3-7,600,0,0
2024_12,6120241203030006,TRIO,1-3-5,5-3-7,100,0,0
