race_id,venue_slug,date,race_no,banum,player_name,pref,age,term,player_class,running_style,gear,race_score,mark,mark_num,win_rate_4m,top2_rate_4m,top3_rate_4m,nige_4m,maku_4m,close_time,true_line,n_lines,n_players
6220260803020002,hiroshima,2026-08-04,2,1,梶原 大地  福,岡,29,119,A1,逃,3.92,88.92,◎,6,33.3,51.8,62.9,6,8,08:55,1-7-4/2-5/6-3,3,7
6220260803020002,hiroshima,2026-08-04,2,2,渋谷 海  香,川,29,113,A1,逃,3.92,84.81,×,1,23.5,35.2,35.2,2,3,08:55,1-7-4/2-5/6-3,3,7
6220260803020002,hiroshima,2026-08-04,2,3,小林 健  岡,山,55,67,A2,追,3.92,82.08,△,4,8.0,20.0,28.0,0,0,08:55,1-7-4/2-5/6-3,3,7
6220260803020002,hiroshima,2026-08-04,2,4,田中 孝法  福,岡,44,91,A2,追,3.92,76.5,注,2,16.6,22.2,27.7,0,0,08:55,1-7-4/2-5/6-3,3,7
6220260803020002,hiroshima,2026-08-04,2,5,一ノ瀬 貴将  大,阪,40,98,A2,両,3.92,79.3,▲,3,0.0,7.6,23.0,0,0,08:55,1-7-4/2-5/6-3,3,7
6220260803020002,hiroshima,2026-08-04,2,6,柏野 健吾  岡,山,23,127,A2,逃,3.92,73.88,,0,20.0,51.4,51.4,14,4,08:55,1-7-4/2-5/6-3,3,7
6220260803020002,hiroshima,2026-08-04,2,7,西田 大志  福,岡,35,98,A1,追,3.92,88.45,○,5,16.6,50.0,62.5,0,0,08:55,1-7-4/2-5/6-3,3,7
6220260803020003,hiroshima,2026-08-04,3,1,竹田 和幸  岐,阜,49,78,A1,追,3.93,85.55,×,1,11.1,22.2,44.4,0,0,09:15,5-3-4/2/7-1-6,3,7
6220260803020003,hiroshima,2026-08-04,3,2,阿部 功  高,知,42,93,A2,追,3.92,80.09,注,2,5.0,5.0,25.0,0,0,09:15,5-3-4/2/7-1-6,3,7
6220260803020003,hiroshima,2026-08-04,3,3,三木 健治  沖,縄,51,73,A2,追,3.85,80.4,○,5,0.0,9.5,28.5,0,0,09:15,5-3-4/2/7-1-6,3,7
6220260803020003,hiroshima,2026-08-04,3,4,内村 泰三  山,口,52,72,A2,追,3.92,82.24,▲,3,3.4,10.3,27.5,0,0,09:15,5-3-4/2/7-1-6,3,7
6220260803020003,hiroshima,2026-08-04,3,5,高倉 俊宏  福,岡,39,93,A2,両,3.93,81.66,◎,6,7.4,18.5,29.6,1,1,09:15,5-3-4/2/7-1-6,3,7
6220260803020003,hiroshima,2026-08-04,3,6,行成 大祐  香,川,51,80,A2,追,3.92,73.92,,0,3.8,11.5,34.6,0,0,09:15,5-3-4/2/7-1-6,3,7
6220260803020003,hiroshima,2026-08-04,3,7,板橋 慎治  岐,阜,45,95,A2,追,3.92,81.73,△,4,4.3,13.0,34.7,0,0,09:15,5-3-4/2/7-1-6,3,7
6220260803020004,hiroshima,2026-08-04,4,1,森岡 正臣  高,知,51,75,A1,追,3.92,86.55,×,1,5.5,22.2,33.3,0,0,09:35,7-1-3/6/4-2-5,3,7
6220260803020004,hiroshima,2026-08-04,4,2,小川 将人  愛,知,50,75,A2,追,3.92,80.84,○,5,3.8,15.3,26.9,0,0,09:35,7-1-3/6/4-2-5,3,7
6220260803020004,hiroshima,2026-08-04,4,3,三宅 旬  岡,山,49,80,A2,追,3.93,80.45,,0,0.0,16.6,20.8,0,0,09:35,7-1-3/6/4-2-5,3,7
6220260803020004,hiroshima,2026-08-04,4,4,松田 大  富,山,36,98,A1,両,3.92,85.42,◎,6,14.2,42.8,61.9,3,1,09:35,7-1-3/6/4-2-5,3,7
6220260803020004,hiroshima,2026-08-04,4,5,松尾 淳  岐,阜,51,77,A2,追,3.92,80.16,注,2,0.0,0.0,0.0,0,0,09:35,7-1-3/6/4-2-5,3,7
6220260803020004,hiroshima,2026-08-04,4,6,安谷屋 将志  沖,縄,37,96,A2,両,3.93,76.33,▲,3,33.3,50.0,54.1,0,0,09:35,7-1-3/6/4-2-5,3,7
6220260803020004,hiroshima,2026-08-04,4,7,三好 陽一  愛,媛,44,88,A1,両,3.86,80.7,△,4,20.8,20.8,29.1,1,0,09:35,7-1-3/6/4-2-5,3,7
6220260803020005,hiroshima,2026-08-04,5,1,成松 春樹  佐,賀,40,93,A1,両,3.93,98.17,×,1,26.0,34.7,39.1,0,2,09:55,5-1/3-4-6/7-2,3,7
6220260803020005,hiroshima,2026-08-04,5,2,菊谷 信一  大,阪,41,90,A1,追,3.92,94.42,○,5,4.7,4.7,23.8,0,0,09:55,5-1/3-4-6/7-2,3,7
6220260803020005,hiroshima,2026-08-04,5,3,森 柾斗  徳,島,26,125,A2,逃,3.92,86.14,注,2,23.8,38.0,42.8,2,5,09:55,5-1/3-4-6/7-2,3,7
6220260803020005,hiroshima,2026-08-04,5,4,國村 洋  山,口,49,80,A1,追,3.92,90.08,△,4,28.5,57.1,71.4,0,0,09:55,5-1/3-4-6/7-2,3,7
6220260803020005,hiroshima,2026-08-04,5,5,高橋 幸司  沖,縄,38,99,A1,逃,3.92,86.43,▲,3,13.0,34.7,52.1,5,0,09:55,5-1/3-4-6/7-2,3,7
6220260803020005,hiroshima,2026-08-04,5,6,近藤 範昌  岡,山,48,82,A1,追,3.92,85.43,,0,17.3,30.4,39.1,0,0,09:55,5-1/3-4-6/7-2,3,7
6220260803020005,hiroshima,2026-08-04,5,7,志田 愛希飛  富,山,24,125,A1,逃,3.92,91.25,◎,6,23.0,53.8,69.2,5,2,09:55,5-1/3-4-6/7-2,3,7
6220260803020006,hiroshima,2026-08-04,6,1,和田 誠寿  広,島,35,103,A1,追,3.92,92.96,◎,6,3.8,3.8,11.5,0,1,10:15,4-1-5/7-2/3-6,3,7
6220260803020006,hiroshima,2026-08-04,6,2,那須 久幸  福,岡,54,71,A1,追,3.92,94.88,×,1,4.0,16.0,36.0,0,0,10:15,4-1-5/7-2/3-6,3,7
6220260803020006,hiroshima,2026-08-04,6,3,西本 直大  大,阪,43,92,A2,両,3.92,85.88,△,4,16.6,44.4,50.0,2,3,10:15,4-1-5/7-2/3-6,3,7
6220260803020006,hiroshima,2026-08-04,6,4,船瀬 惇平  広,島,32,111,A1,逃,3.93,91.55,○,5,22.2,37.0,59.2,5,0,10:15,4-1-5/7-2/3-6,3,7
6220260803020006,hiroshima,2026-08-04,6,5,石丸 寛之  岡,山,52,76,A1,追,3.92,87.85,注,2,9.5,33.3,57.1,0,1,10:15,4-1-5/7-2/3-6,3,7
6220260803020006,hiroshima,2026-08-04,6,6,田中 雅史  愛,知,49,79,A2,追,3.93,83.12,,0,12.5,25.0,37.5,0,0,10:15,4-1-5/7-2/3-6,3,7
6220260803020006,hiroshima,2026-08-04,6,7,利根 正明  大,分,36,97,A1,逃,3.92,85.61,▲,3,14.2,28.5,52.3,2,4,10:15,4-1-5/7-2/3-6,3,7
6220260803020007,hiroshima,2026-08-04,7,1,青井 賢治  徳,島,50,81,A1,追,3.92,91.88,○,5,38.8,61.1,66.6,0,0,10:35,4-3/5-1-7/6-2,3,7
6220260803020007,hiroshima,2026-08-04,7,2,中村 雅仁  熊,本,44,90,A1,追,3.93,91.66,×,1,6.6,33.3,60.0,0,0,10:35,4-3/5-1-7/6-2,3,7
6220260803020007,hiroshima,2026-08-04,7,3,山口 智弘  愛,知,36,99,A1,追,3.93,89.04,△,4,25.0,41.6,58.3,0,0,10:35,4-3/5-1-7/6-2,3,7
6220260803020007,hiroshima,2026-08-04,7,4,重倉 高史  富,山,40,95,A1,両,3.92,85.37,注,2,18.5,29.6,51.8,6,0,10:35,4-3/5-1-7/6-2,3,7
6220260803020007,hiroshima,2026-08-04,7,5,橋本 凌汰  岡,山,25,119,A1,逃,3.92,97.34,◎,6,13.0,26.0,47.8,4,0,10:35,4-3/5-1-7/6-2,3,7
6220260803020007,hiroshima,2026-08-04,7,6,生野 優翔  大,分,24,127,A2,逃,3.92,82.0,▲,3,61.1,72.2,88.8,5,6,10:35,4-3/5-1-7/6-2,3,7
6220260803020007,hiroshima,2026-08-04,7,7,高山 雄丞  愛,媛,33,109,A2,両,3.85,83.8,,0,14.2,23.8,23.8,1,1,10:35,4-3/5-1-7/6-2,3,7
7320260804010001,komatsushima,2026-08-04,1,1,真木 寛斗  愛,知,23,127,A2,逃,3.92,82.79,○,5,70.8,79.1,87.5,16,3,10:40,1-5-7/4-3/2-6,3,7
7320260804010001,komatsushima,2026-08-04,1,2,増田 仁  広,島,41,113,A2,逃,3.92,82.3,▲,3,21.7,30.4,43.4,4,3,10:40,1-5-7/4-3/2-6,3,7
7320260804010001,komatsushima,2026-08-04,1,3,原田 泰志  新,潟,40,91,A1,追,3.92,85.79,△,4,20.8,25.0,41.6,0,1,10:40,1-5-7/4-3/2-6,3,7
7320260804010001,komatsushima,2026-08-04,1,4,遠藤 勝弥  静,岡,36,109,A1,両,3.93,85.61,注,2,10.5,21.0,36.8,2,1,10:40,1-5-7/4-3/2-6,3,7
7320260804010001,komatsushima,2026-08-04,1,5,犬塚 貴之  愛,知,25,117,A1,両,3.92,89.93,◎,6,50.0,55.5,66.6,1,7,10:40,1-5-7/4-3/2-6,3,7
7320260804010001,komatsushima,2026-08-04,1,6,内藤 敦  岡,山,50,80,A2,追,3.92,80.71,,0,0.0,0.0,19.0,0,0,10:40,1-5-7/4-3/2-6,3,7
7320260804010001,komatsushima,2026-08-04,1,7,伊藤 健詞  石,川,56,68,A2,追,3.92,87.7,×,1,12.5,25.0,41.6,0,0,10:40,1-5-7/4-3/2-6,3,7
7320260804010002,komatsushima,2026-08-04,2,1,川西 康彦  徳,島,22,127,A2,逃,3.92,75.76,注,2,28.5,38.0,52.3,3,4,11:06,1-4/2-5-6/7-3,3,7
7320260804010002,komatsushima,2026-08-04,2,2,荒木 貴大  埼,玉,33,115,A1,両,3.92,91.66,◎,6,14.2,33.3,66.6,0,3,11:06,1-4/2-5-6/7-3,3,7
7320260804010002,komatsushima,2026-08-04,2,3,愛敬 博之  愛,知,42,94,A1,追,3.93,87.91,×,1,16.6,33.3,62.5,0,1,11:06,1-4/2-5-6/7-3,3,7
7320260804010002,komatsushima,2026-08-04,2,4,武田 良太  愛,媛,44,88,A2,追,3.92,80.5,▲,3,0.0,3.8,26.9,0,0,11:06,1-4/2-5-6/7-3,3,7
7320260804010002,komatsushima,2026-08-04,2,5,岡部 芳幸  福,島,55,66,A1,追,3.92,87.56,○,5,0.0,6.2,37.5,0,0,11:06,1-4/2-5-6/7-3,3,7
7320260804010002,komatsushima,2026-08-04,2,6,黒瀬 浩一  静,岡,60,57,A2,追,3.92,69.08,,0,0.0,0.0,0.0,0,0,11:06,1-4/2-5-6/7-3,3,7
7320260804010002,komatsushima,2026-08-04,2,7,吉田 篤史  奈,良,38,109,A2,両,3.92,87.8,△,4,19.0,47.6,61.9,1,4,11:06,1-4/2-5-6/7-3,3,7
7320260804010003,komatsushima,2026-08-04,3,1,鈴木 達也  福,島,41,97,A2,追,3.92,83.37,注,2,11.1,14.8,29.6,0,0,11:33,7-1/4-2/3-5/6,4,7
7320260804010003,komatsushima,2026-08-04,3,2,大瀬戸 潤一郎  広,島,44,95,A1,追,3.92,90.45,◎,6,25.0,54.1,66.6,0,1,11:33,7-1/4-2/3-5/6,4,7
7320260804010003,komatsushima,2026-08-04,3,3,枝村 弘樹  宮,崎,27,123,A1,逃,3.92,88.28,×,1,42.8,47.6,61.9,2,7,11:33,7-1/4-2/3-5/6,4,7
7320260804010003,komatsushima,2026-08-04,3,4,藤原 俊太郎  岡,山,30,111,A1,逃,3.92,86.35,○,5,23.8,52.3,57.1,5,5,11:33,7-1/4-2/3-5/6,4,7
7320260804010003,komatsushima,2026-08-04,3,5,飯塚 直人  佐,賀,35,98,A2,両,3.92,82.68,△,4,13.6,18.1,27.2,0,0,11:33,7-1/4-2/3-5/6,4,7
7320260804010003,komatsushima,2026-08-04,3,6,北川 紋部  福,井,51,78,A2,追,3.92,79.66,,0,0.0,12.5,25.0,0,0,11:33,7-1/4-2/3-5/6,4,7
7320260804010003,komatsushima,2026-08-04,3,7,日当 泰之  青,森,38,92,A2,両,3.92,81.9,▲,3,4.7,4.7,23.8,0,0,11:33,7-1/4-2/3-5/6,4,7
7320260804010004,komatsushima,2026-08-04,4,1,加賀美 智史  山,梨,43,87,A2,両,3.92,83.8,△,4,12.0,28.0,32.0,2,2,12:01,1-7-4/2-5/3-6,3,7
7320260804010004,komatsushima,2026-08-04,4,2,火島 裕輝  愛,媛,23,123,A1,逃,3.92,87.3,○,5,16.6,41.6,50.0,5,4,12:01,1-7-4/2-5/3-6,3,7
7320260804010004,komatsushima,2026-08-04,4,3,稲留 敦貴,鹿児島,25,125,A2,逃,3.92,87.23,×,1,23.8,38.0,61.9,6,1,12:01,1-7-4/2-5/3-6,3,7
7320260804010004,komatsushima,2026-08-04,4,4,豊田 一馬  群,馬,51,73,A2,追,3.86,81.42,,0,4.7,19.0,28.5,0,0,12:01,1-7-4/2-5/3-6,3,7
7320260804010004,komatsushima,2026-08-04,4,5,滝本 泰行  岡,山,30,107,A1,両,3.92,91.29,◎,6,16.6,37.5,66.6,0,0,12:01,1-7-4/2-5/3-6,3,7
7320260804010004,komatsushima,2026-08-04,4,6,竹内 真一  福,岡,45,89,A2,追,3.92,80.73,▲,3,7.4,7.4,25.9,0,0,12:01,1-7-4/2-5/3-6,3,7
7320260804010004,komatsushima,2026-08-04,4,7,佐藤 政利  新,潟,43,91,A2,追,3.92,83.79,注,2,4.1,20.8,41.6,0,0,12:01,1-7-4/2-5/3-6,3,7
7320260804010005,komatsushima,2026-08-04,5,1,桑原 亮  福,岡,41,91,A1,追,3.92,94.16,○,5,10.0,16.6,30.0,0,1,12:29,2-7/4-1/3-5/6,4,7
7320260804010005,komatsushima,2026-08-04,5,2,小笠原 一真  青,森,26,123,A1,逃,3.92,92.33,▲,3,28.5,42.8,66.6,7,2,12:29,2-7/4-1/3-5/6,4,7
7320260804010005,komatsushima,2026-08-04,5,3,中野 雄喜  京,都,32,111,A1,両,3.92,93.05,△,4,27.7,50.0,72.2,3,3,12:29,2-7/4-1/3-5/6,4,7
7320260804010005,komatsushima,2026-08-04,5,4,一丸 尚伍  大,分,34,121,A1,逃,3.92,102.86,◎,6,66.6,80.0,86.6,6,4,12:29,2-7/4-1/3-5/6,4,7
7320260804010005,komatsushima,2026-08-04,5,5,鷲田 佳史  福,井,43,88,A1,追,3.92,93.77,,0,5.5,16.6,27.7,0,0,12:29,2-7/4-1/3-5/6,4,7
7320260804010005,komatsushima,2026-08-04,5,6,久樹 克門  徳,島,34,113,A1,逃,3.92,92.21,注,2,25.0,41.6,50.0,0,2,12:29,2-7/4-1/3-5/6,4,7
7320260804010005,komatsushima,2026-08-04,5,7,小菅 誠,神奈川,46,90,A1,追,3.93,92.77,×,1,22.2,33.3,61.1,0,0,12:29,2-7/4-1/3-5/6,4,7
4220260804010001,nagoya,2026-08-04,1,1,小川 祐司  愛,媛,44,96,A2,両,3.92,87.04,×,1,19.0,38.0,42.8,5,2,15:46,1-7-4/2-5-3/6,3,7
4220260804010001,nagoya,2026-08-04,1,2,貝原 涼太  栃,木,28,125,A1,逃,3.92,87.37,◎,6,20.8,33.3,54.1,7,0,15:46,1-7-4/2-5-3/6,3,7
4220260804010001,nagoya,2026-08-04,1,3,阿部 宏之  宮,城,50,82,A2,追,3.92,78.66,▲,3,0.0,0.0,0.0,0,0,15:46,1-7-4/2-5-3/6,3,7
4220260804010001,nagoya,2026-08-04,1,4,原田 礼  福,岡,45,90,A2,追,3.92,84.33,注,2,12.5,25.0,37.5,0,0,15:46,1-7-4/2-5-3/6,3,7
4220260804010001,nagoya,2026-08-04,1,5,橋本 紀彰  茨,城,46,90,A2,追,3.92,83.9,○,5,4.3,8.6,34.7,0,0,15:46,1-7-4/2-5-3/6,3,7
4220260804010001,nagoya,2026-08-04,1,6,門脇 翼  秋,田,33,111,A2,両,3.92,77.8,,0,0.0,4.7,4.7,0,1,15:46,1-7-4/2-5-3/6,3,7
4220260804010001,nagoya,2026-08-04,1,7,吉岡 篤志  徳,島,47,82,A1,追,3.92,85.0,△,4,4.1,16.6,45.8,0,0,15:46,1-7-4/2-5-3/6,3,7
4220260804010002,nagoya,2026-08-04,2,1,山本 和虎  愛,知,23,125,A2,逃,3.85,82.09,注,2,9.5,33.3,38.0,5,2,16:09,5-2-3/6/1-4-7,3,7
4220260804010002,nagoya,2026-08-04,2,2,松坂 英司,神奈川,51,82,A1,追,3.92,87.45,◎,6,8.3,16.6,33.3,0,0,16:09,5-2-3/6/1-4-7,3,7
4220260804010002,nagoya,2026-08-04,2,3,本田 拓也  新,潟,43,92,A2,追,3.92,81.38,△,4,7.6,7.6,11.5,0,0,16:09,5-2-3/6/1-4-7,3,7
4220260804010002,nagoya,2026-08-04,2,4,松山 桂輔  愛,知,42,88,A1,追,3.92,87.03,×,1,15.3,26.9,53.8,0,1,16:09,5-2-3/6/1-4-7,3,7
4220260804010002,nagoya,2026-08-04,2,5,梅田 加津也,神奈川,32,119,A1,逃,3.93,87.91,○,5,29.1,41.6,54.1,3,3,16:09,5-2-3/6/1-4-7,3,7
4220260804010002,nagoya,2026-08-04,2,6,山田 武  群,馬,49,87,A2,追,3.86,78.16,,0,0.0,0.0,8.3,0,0,16:09,5-2-3/6/1-4-7,3,7
4220260804010002,nagoya,2026-08-04,2,7,山崎 晃  石,川,40,95,A2,両,3.92,82.69,▲,3,13.0,17.3,39.1,3,0,16:09,5-2-3/6/1-4-7,3,7
4220260804010003,nagoya,2026-08-04,3,1,坂本 拓也  福,島,40,111,A1,両,3.92,86.88,○,5,16.0,24.0,56.0,0,3,16:33,5-1-6/4/2-7-3,3,7
4220260804010003,nagoya,2026-08-04,3,2,石口 慶多  兵,庫,37,103,A1,両,3.93,90.47,×,1,4.7,4.7,4.7,0,1,16:33,5-1-6/4/2-7-3,3,7
4220260804010003,nagoya,2026-08-04,3,3,越智 展孝  愛,媛,44,88,A2,追,3.92,84.76,注,2,14.2,28.5,38.0,0,0,16:33,5-1-6/4/2-7-3,3,7
4220260804010003,nagoya,2026-08-04,3,4,江端 隆司  福,井,33,103,A2,逃,3.92,84.0,▲,3,28.5,33.3,33.3,2,1,16:33,5-1-6/4/2-7-3,3,7
4220260804010003,nagoya,2026-08-04,3,5,吉田 優斗  岩,手,26,125,A1,逃,3.92,88.55,◎,6,22.2,55.5,72.2,8,2,16:33,5-1-6/4/2-7-3,3,7
4220260804010003,nagoya,2026-08-04,3,6,清水 邦章  香,川,55,68,A2,追,3.92,78.0,,0,0.0,0.0,9.5,0,0,16:33,5-1-6/4/2-7-3,3,7
4220260804010003,nagoya,2026-08-04,3,7,坂田 学  兵,庫,50,83,A2,両,3.85,81.8,△,4,3.8,15.3,30.7,0,1,16:33,5-1-6/4/2-7-3,3,7
4220260804010004,nagoya,2026-08-04,4,1,太田黒 大心  熊,本,51,74,A2,追,3.85,85.94,△,4,0.0,16.6,44.4,0,0,16:57,3-2-6/4/7-5-1,3,7
4220260804010004,nagoya,2026-08-04,4,2,須藤 直道  群,馬,54,68,A1,追,3.92,82.66,注,2,14.2,19.0,23.8,0,1,16:57,3-2-6/4/7-5-1,3,7
4220260804010004,nagoya,2026-08-04,4,3,龍野 琳太郎  岡,山,25,123,A1,逃,3.92,90.25,×,1,29.6,59.2,62.9,7,7,16:57,3-2-6/4/7-5-1,3,7
4220260804010004,nagoya,2026-08-04,4,4,郡 英治  広,島,56,68,A2,追,3.92,82.61,▲,3,7.6,15.3,46.1,0,0,16:57,3-2-6/4/7-5-1,3,7
4220260804010004,nagoya,2026-08-04,4,5,阿部 兼士  福,岡,42,93,A1,追,3.86,88.04,◎,6,18.1,59.0,63.6,0,0,16:57,3-2-6/4/7-5-1,3,7
4220260804010004,nagoya,2026-08-04,4,6,福森 慎太郎  千,葉,49,84,A2,逃,3.92,73.16,,0,22.2,33.3,44.4,5,1,16:57,3-2-6/4/7-5-1,3,7
4220260804010004,nagoya,2026-08-04,4,7,山口 留稀哉  長,崎,23,127,A2,逃,3.92,81.72,○,5,47.3,73.6,78.9,8,4,16:57,3-2-6/4/7-5-1,3,7
4220260804010005,nagoya,2026-08-04,5,1,中島 将尊  東,京,32,105,A1,追,3.85,95.69,△,4,15.3,30.7,53.8,0,1,17:21,5-2-7/1/4-3/6,4,7
4220260804010005,nagoya,2026-08-04,5,2,宮越 孝治  富,山,47,82,A1,追,3.92,92.67,○,5,0.0,10.3,20.6,0,0,17:21,5-2-7/1/4-3/6,4,7
4220260804010005,nagoya,2026-08-04,5,3,福島 栄一  香,川,42,93,A1,追,3.93,93.89,×,1,10.7,14.2,32.1,0,0,17:21,5-2-7/1/4-3/6,4,7
4220260804010005,nagoya,2026-08-04,5,4,原井 剣也  福,岡,32,119,A1,逃,3.92,91.47,▲,3,30.0,35.0,60.0,1,2,17:21,5-2-7/1/4-3/6,4,7
4220260804010005,nagoya,2026-08-04,5,5,疋田 力也  愛,知,25,119,A1,両,3.92,93.03,◎,6,7.6,11.5,19.2,1,1,17:21,5-2-7/1/4-3/6,4,7
4220260804010005,nagoya,2026-08-04,5,6,大西 祐  岡,山,39,91,A1,両,3.92,91.35,,0,7.1,10.7,17.8,0,2,17:21,5-2-7/1/4-3/6,4,7
4220260804010005,nagoya,2026-08-04,5,7,小橋 明紀  青,森,53,73,A1,追,3.92,92.73,注,2,5.2,15.7,21.0,0,0,17:21,5-2-7/1/4-3/6,4,7
2620260803020001,seibuen,2026-08-04,1,1,倉野 隆太郎  三,重,42,91,A2,追,3.92,82.11,○,5,11.1,18.5,29.6,0,1,16:01,4-1/2-6/3/5/7,5,7
2620260803020001,seibuen,2026-08-04,1,2,大森 光明,北海道,27,117,A2,両,3.93,85.75,×,1,12.5,33.3,58.3,2,3,16:01,4-1/2-6/3/5/7,5,7
2620260803020001,seibuen,2026-08-04,1,3,萱島 大介  大,分,46,99,A2,追,3.93,84.87,△,4,4.1,25.0,41.6,0,1,16:01,4-1/2-6/3/5/7,5,7
2620260803020001,seibuen,2026-08-04,1,4,丹波 孝佑  大,阪,38,98,A1,逃,3.92,84.61,◎,6,19.0,38.0,47.6,8,0,16:01,4-1/2-6/3/5/7,5,7
2620260803020001,seibuen,2026-08-04,1,5,藤原 亮太  岡,山,38,97,A2,両,3.92,79.93,,0,0.0,6.6,26.6,0,1,16:01,4-1/2-6/3/5/7,5,7
2620260803020001,seibuen,2026-08-04,1,6,坂本 毅  岩,手,54,77,A2,追,3.86,79.8,▲,3,0.0,4.7,14.2,0,0,16:01,4-1/2-6/3/5/7,5,7
2620260803020001,seibuen,2026-08-04,1,7,城戸崎 隆史  福,岡,53,76,A2,両,3.92,80.5,注,2,0.0,4.1,20.8,0,0,16:01,4-1/2-6/3/5/7,5,7
2620260803020002,seibuen,2026-08-04,2,1,伊早坂 駿一  茨,城,31,105,A2,逃,3.92,85.06,◎,6,31.0,34.4,41.3,6,4,16:23,1-7/4/5-2/3-6,4,7
2620260803020002,seibuen,2026-08-04,2,2,山本 貴章  岡,山,52,76,A2,追,3.92,81.26,▲,3,10.0,15.0,25.0,0,0,16:23,1-7/4/5-2/3-6,4,7
2620260803020002,seibuen,2026-08-04,2,3,小浦 凪  岐,阜,26,117,A2,両,3.92,83.5,△,4,11.1,22.2,38.8,2,0,16:23,1-7/4/5-2/3-6,4,7
2620260803020002,seibuen,2026-08-04,2,4,柴田 功一郎,神奈川,50,79,A2,追,3.92,76.9,注,2,0.0,18.1,54.5,0,0,16:23,1-7/4/5-2/3-6,4,7
2620260803020002,seibuen,2026-08-04,2,5,岡本 翔  愛,媛,24,123,A2,逃,3.92,82.72,×,1,11.1,33.3,33.3,3,3,16:23,1-7/4/5-2/3-6,4,7
2620260803020002,seibuen,2026-08-04,2,6,吉川 悟  大,阪,49,79,A2,追,3.92,75.95,,0,14.2,42.8,47.6,0,1,16:23,1-7/4/5-2/3-6,4,7
2620260803020002,seibuen,2026-08-04,2,7,飯島 淳  東,京,49,78,A2,追,3.92,80.57,○,5,3.8,11.5,15.3,0,0,16:23,1-7/4/5-2/3-6,4,7
2620260803020003,seibuen,2026-08-04,3,1,山田 雄大  埼,玉,26,117,A1,逃,3.92,90.22,◎,6,22.2,55.5,66.6,0,2,16:45,6-3/1-5/2-7/4,4,7
2620260803020003,seibuen,2026-08-04,3,2,佐藤 竜太  愛,知,25,119,A1,逃,3.92,92.88,×,1,15.3,19.2,26.9,1,3,16:45,6-3/1-5/2-7/4,4,7
2620260803020003,seibuen,2026-08-04,3,3,小埜 正義  千,葉,45,88,A1,追,3.92,92.23,△,4,18.1,31.8,54.5,0,0,16:45,6-3/1-5/2-7/4,4,7
2620260803020003,seibuen,2026-08-04,3,4,魚屋 周成  大,分,35,99,A2,逃,3.93,84.84,注,2,15.7,36.8,42.1,2,2,16:45,6-3/1-5/2-7/4,4,7
2620260803020003,seibuen,2026-08-04,3,5,小玉 勇一  埼,玉,31,113,A2,両,3.85,82.5,○,5,10.5,15.7,26.3,1,2,16:45,6-3/1-5/2-7/4,4,7
2620260803020003,seibuen,2026-08-04,3,6,水澤 秀哉  千,葉,22,127,A2,逃,3.92,82.42,,0,52.3,57.1,71.4,12,0,16:45,6-3/1-5/2-7/4,4,7
2620260803020003,seibuen,2026-08-04,3,7,玉手 翔  兵,庫,42,91,A1,追,3.92,87.7,▲,3,18.5,29.6,51.8,0,0,16:45,6-3/1-5/2-7/4,4,7
2620260803020004,seibuen,2026-08-04,4,1,柳谷 崇  岡,山,48,87,A1,追,3.92,91.73,○,5,13.3,33.3,46.6,0,0,17:09,7-1-4/5-2/3-6,3,7
2620260803020004,seibuen,2026-08-04,4,2,金ヶ江 勇気  佐,賀,30,111,A1,両,3.92,93.11,×,1,33.3,51.8,62.9,1,2,17:09,7-1-4/5-2/3-6,3,7
2620260803020004,seibuen,2026-08-04,4,3,小原 唯志  茨,城,43,101,A1,逃,3.92,90.08,△,4,12.5,25.0,41.6,1,3,17:09,7-1-4/5-2/3-6,3,7
2620260803020004,seibuen,2026-08-04,4,4,宇根 秀俊  愛,媛,49,80,A2,追,3.92,86.12,▲,3,4.1,16.6,33.3,0,0,17:09,7-1-4/5-2/3-6,3,7
2620260803020004,seibuen,2026-08-04,4,5,石川 航大  宮,崎,27,123,A1,逃,3.92,88.42,注,2,14.2,52.3,66.6,8,3,17:09,7-1-4/5-2/3-6,3,7
2620260803020004,seibuen,2026-08-04,4,6,松田 優一  茨,城,41,90,A2,追,3.92,84.56,,0,23.0,34.6,46.1,0,0,17:09,7-1-4/5-2/3-6,3,7
2620260803020004,seibuen,2026-08-04,4,7,竹内 翼  広,島,35,109,A1,逃,3.92,99.4,◎,6,45.4,50.0,54.5,5,5,17:09,7-1-4/5-2/3-6,3,7
2620260803020005,seibuen,2026-08-04,5,1,松本 卓也  徳,島,35,98,A1,両,3.92,88.03,注,2,11.1,25.9,51.8,2,3,17:33,3-7/1-4/5-2-6,3,7
2620260803020005,seibuen,2026-08-04,5,2,上原 龍  長,野,41,95,A1,追,3.92,94.2,○,5,10.0,20.0,30.0,0,0,17:33,3-7/1-4/5-2-6,3,7
2620260803020005,seibuen,2026-08-04,5,3,末廣 快理  兵,庫,28,121,A2,逃,3.92,95.07,×,1,37.0,74.0,92.5,9,10,17:33,3-7/1-4/5-2-6,3,7
2620260803020005,seibuen,2026-08-04,5,4,芳野 匠  愛,媛,41,93,A1,追,3.92,86.45,▲,3,4.1,29.1,37.5,0,0,17:33,3-7/1-4/5-2-6,3,7
2620260803020005,seibuen,2026-08-04,5,5,菅野 航基  宮,城,25,119,A1,逃,3.92,97.75,◎,6,25.0,33.3,37.5,2,1,17:33,3-7/1-4/5-2-6,3,7
2620260803020005,seibuen,2026-08-04,5,6,櫻井 丈  静,岡,44,89,A1,追,3.92,86.0,,0,13.0,17.3,43.4,0,0,17:33,3-7/1-4/5-2-6,3,7
2620260803020005,seibuen,2026-08-04,5,7,北野 武史  石,川,54,78,A1,追,3.93,96.94,△,4,5.5,22.2,44.4,0,0,17:33,3-7/1-4/5-2-6,3,7
4820260803020001,yokkaichi,2026-08-04,1,1,川野 正芳  大,分,49,80,A2,追,3.92,85.13,,0,0.0,6.2,18.7,0,0,20:36,3-2-5/6-7-1/4,3,7
4820260803020001,yokkaichi,2026-08-04,1,2,川木 敬大  兵,庫,47,84,A1,追,3.92,84.0,,0,0.0,16.6,61.1,0,0,20:36,3-2-5/6-7-1/4,3,7
4820260803020001,yokkaichi,2026-08-04,1,3,中村 美千隆  兵,庫,50,80,A2,両,3.92,81.12,,0,16.0,20.0,36.0,1,2,20:36,3-2-5/6-7-1/4,3,7
4820260803020001,yokkaichi,2026-08-04,1,4,板崎 佑矢  愛,媛,38,101,A2,両,3.93,80.75,,0,0.0,8.3,20.8,0,0,20:36,3-2-5/6-7-1/4,3,7
4820260803020001,yokkaichi,2026-08-04,1,5,深見 仁哉  愛,知,43,91,A2,追,3.92,80.54,,0,0.0,16.6,20.8,0,0,20:36,3-2-5/6-7-1/4,3,7
4820260803020001,yokkaichi,2026-08-04,1,6,米村 光星  熊,本,26,121,A2,逃,3.92,78.9,,0,18.1,18.1,54.5,0,2,20:36,3-2-5/6-7-1/4,3,7
4820260803020001,yokkaichi,2026-08-04,1,7,高鍋 邦彰  福,岡,39,95,A2,両,3.92,74.5,,0,16.6,30.0,33.3,5,4,20:36,3-2-5/6-7-1/4,3,7
4820260803020002,yokkaichi,2026-08-04,2,1,森崎 英登  愛,知,26,125,A1,逃,3.92,85.57,,0,14.2,23.8,47.6,4,1,21:00,1-2-3/6-4-7/5,3,7
4820260803020002,yokkaichi,2026-08-04,2,2,本村 隆文  岐,阜,47,81,A2,追,3.92,84.45,,0,8.3,41.6,50.0,0,0,21:00,1-2-3/6-4-7/5,3,7
4820260803020002,yokkaichi,2026-08-04,2,3,西 徹  石,川,48,79,A2,追,3.92,83.91,,0,8.6,26.0,30.4,0,0,21:00,1-2-3/6-4-7/5,3,7
4820260803020002,yokkaichi,2026-08-04,2,4,堺 文人,和歌山,47,85,A2,追,3.92,82.52,,0,9.5,14.2,28.5,0,0,21:00,1-2-3/6-4-7/5,3,7
4820260803020002,yokkaichi,2026-08-04,2,5,星島 太  岡,山,55,66,A2,追,3.92,79.33,,0,0.0,0.0,20.8,0,0,21:00,1-2-3/6-4-7/5,3,7
4820260803020002,yokkaichi,2026-08-04,2,6,堀 僚介  大,阪,31,109,A2,逃,3.92,79.26,,0,12.5,12.5,20.8,0,1,21:00,1-2-3/6-4-7/5,3,7
4820260803020002,yokkaichi,2026-08-04,2,7,西郷 剛  兵,庫,57,69,A2,追,3.92,75.73,,0,7.4,25.9,37.0,0,0,21:00,1-2-3/6-4-7/5,3,7
4820260803020003,yokkaichi,2026-08-04,3,1,大庭 正紀  富,山,56,70,A1,追,3.92,85.37,,0,8.3,25.0,41.6,0,0,21:24,4-3-2/5-1/6/7,4,7
4820260803020003,yokkaichi,2026-08-04,3,2,木村 勉  徳,島,50,79,A2,追,3.93,83.91,,0,8.3,16.6,41.6,0,0,21:24,4-3-2/5-1/6/7,4,7
4820260803020003,yokkaichi,2026-08-04,3,3,乾 庄平  滋,賀,39,95,A2,追,3.92,83.77,,0,7.4,14.8,29.6,0,0,21:24,4-3-2/5-1/6/7,4,7
4820260803020003,yokkaichi,2026-08-04,3,4,小林 史也,和歌山,40,107,A2,逃,3.92,82.83,,0,8.3,16.6,29.1,3,1,21:24,4-3-2/5-1/6/7,4,7
4820260803020003,yokkaichi,2026-08-04,3,5,東 鉄也  三,重,45,88,A2,両,3.92,82.78,,0,8.6,21.7,21.7,1,2,21:24,4-3-2/5-1/6/7,4,7
4820260803020003,yokkaichi,2026-08-04,3,6,長野 和弘  福,岡,49,82,A2,追,3.92,81.61,,0,0.0,15.3,34.6,0,0,21:24,4-3-2/5-1/6/7,4,7
4820260803020003,yokkaichi,2026-08-04,3,7,梶山 裕次郎  福,岡,45,87,A2,追,3.92,81.19,,0,4.7,19.0,33.3,0,1,21:24,4-3-2/5-1/6/7,4,7
4820260803020004,yokkaichi,2026-08-04,4,1,泉谷 元樹  愛,知,37,101,A2,逃,3.92,87.8,,0,14.2,33.3,52.3,6,0,21:48,1-2-6-3/5-4/7,3,7
4820260803020004,yokkaichi,2026-08-04,4,2,田中 秀治  岐,阜,49,82,A2,追,3.93,85.94,,0,5.2,21.0,47.3,0,0,21:48,1-2-6-3/5-4/7,3,7
4820260803020004,yokkaichi,2026-08-04,4,3,隅 直幸  山,口,47,84,A1,追,3.92,83.9,,0,8.6,26.0,30.4,0,0,21:48,1-2-6-3/5-4/7,3,7
4820260803020004,yokkaichi,2026-08-04,4,4,篠塚 光一  兵,庫,46,90,A1,追,3.92,81.54,,0,8.3,12.5,37.5,0,0,21:48,1-2-6-3/5-4/7,3,7
4820260803020004,yokkaichi,2026-08-04,4,5,後藤 祐貴  兵,庫,36,103,A2,逃,3.92,80.31,,0,37.5,37.5,50.0,3,1,21:48,1-2-6-3/5-4/7,3,7
4820260803020004,yokkaichi,2026-08-04,4,6,中川 貴史  三,重,49,79,A1,追,3.92,80.23,,0,0.0,9.5,33.3,0,0,21:48,1-2-6-3/5-4/7,3,7
4820260803020004,yokkaichi,2026-08-04,4,7,茅野 寛史,鹿児島,47,99,A1,追,3.92,79.37,,0,0.0,0.0,12.5,0,0,21:48,1-2-6-3/5-4/7,3,7
4820260803020005,yokkaichi,2026-08-04,5,1,吉田 智哉  愛,媛,28,111,A1,逃,3.92,96.12,,0,8.3,20.8,41.6,1,1,22:13,2-6-7/1-4/3-5,3,7
4820260803020005,yokkaichi,2026-08-04,5,2,曽我 圭佑  熊,本,32,113,A1,逃,3.92,91.29,,0,37.5,41.6,50.0,4,1,22:13,2-6-7/1-4/3-5,3,7
4820260803020005,yokkaichi,2026-08-04,5,3,内山 慧大  福,井,24,123,A1,逃,3.92,89.76,,0,23.8,38.0,52.3,2,4,22:13,2-6-7/1-4/3-5,3,7
4820260803020005,yokkaichi,2026-08-04,5,4,佐竹 和也  徳,島,47,83,A1,追,3.92,89.6,,0,0.0,28.5,52.3,0,0,22:13,2-6-7/1-4/3-5,3,7
4820260803020005,yokkaichi,2026-08-04,5,5,小林 卓人  大,阪,48,79,A1,追,3.92,88.41,,0,16.6,29.1,41.6,0,0,22:13,2-6-7/1-4/3-5,3,7
4820260803020005,yokkaichi,2026-08-04,5,6,小原 亮哉  大,分,36,113,A1,追,3.92,87.33,,0,14.8,33.3,51.8,0,1,22:13,2-6-7/1-4/3-5,3,7
4820260803020005,yokkaichi,2026-08-04,5,7,四元 慎也  宮,崎,50,77,A2,追,3.92,81.45,,0,4.1,8.3,29.1,0,0,22:13,2-6-7/1-4/3-5,3,7
4820260803020006,yokkaichi,2026-08-04,6,1,舘 泰守  愛,知,50,80,A1,追,3.92,93.95,,0,4.3,8.6,13.0,0,0,22:40,6-2-7/3-1/5-4,3,7
4820260803020006,yokkaichi,2026-08-04,6,2,飯田 裕次  福,岡,40,97,A1,追,3.92,92.35,,0,0.0,0.0,7.1,0,0,22:40,6-2-7/3-1/5-4,3,7
4820260803020006,yokkaichi,2026-08-04,6,3,梅澤 忠秀  三,重,25,125,A1,逃,3.92,91.72,,0,22.2,50.0,66.6,5,4,22:40,6-2-7/3-1/5-4,3,7
4820260803020006,yokkaichi,2026-08-04,6,4,中石 昌芳  広,島,51,81,A1,追,3.92,88.75,,0,0.0,38.0,66.6,0,0,22:40,6-2-7/3-1/5-4,3,7
4820260803020006,yokkaichi,2026-08-04,6,5,野村 賢  山,口,22,125,A1,逃,3.92,86.57,,0,28.5,42.8,47.6,6,2,22:40,6-2-7/3-1/5-4,3,7
4820260803020006,yokkaichi,2026-08-04,6,6,田中 会心  熊,本,25,123,A1,逃,3.92,85.87,,0,12.5,37.5,50.0,9,0,22:40,6-2-7/3-1/5-4,3,7
4820260803020006,yokkaichi,2026-08-04,6,7,立石 拓也  福,岡,52,72,A1,追,3.93,84.65,,0,5.0,15.0,45.0,0,1,22:40,6-2-7/3-1/5-4,3,7
4820260803020007,yokkaichi,2026-08-04,7,1,土生 敦弘  大,阪,27,117,A1,逃,3.92,97.04,,0,31.8,31.8,36.3,0,7,23:07,3-2-6/1-4/5-7,3,7
4820260803020007,yokkaichi,2026-08-04,7,2,藏本 徹二  広,島,32,111,A1,両,3.92,90.73,,0,6.2,18.7,56.2,0,0,23:07,3-2-6/1-4/5-7,3,7
4820260803020007,yokkaichi,2026-08-04,7,3,中田 拓也  広,島,30,127,A2,逃,3.92,89.6,,0,23.8,57.1,71.4,11,1,23:07,3-2-6/1-4/5-7,3,7
4820260803020007,yokkaichi,2026-08-04,7,4,坂本 匡洋  大,阪,42,91,A2,追,3.92,88.44,,0,37.0,51.8,55.5,1,0,23:07,3-2-6/1-4/5-7,3,7
4820260803020007,yokkaichi,2026-08-04,7,5,弓矢 輪太郎  三,重,22,125,A1,逃,3.92,86.14,,0,19.0,38.0,47.6,0,6,23:07,3-2-6/1-4/5-7,3,7
4820260803020007,yokkaichi,2026-08-04,7,6,高橋 清太郎  岡,山,41,97,A1,追,3.92,84.16,,0,12.5,20.8,41.6,0,1,23:07,3-2-6/1-4/5-7,3,7
4820260803020007,yokkaichi,2026-08-04,7,7,鮒田 博文  三,重,48,79,A2,追,3.93,80.95,,0,0.0,3.8,15.3,0,0,23:07,3-2-6/1-4/5-7,3,7
